study_id,animal_id,variant_id,peptide_7mer,species,strain,route,dose,timepoint,payload,promoter_or_enhancer,tissue,cell_type,cell_subtype,readout_type,readout_value,evidence_level,source_file,source_status,cell_type_normalized,is_motor_neuron,direct_cell_level_evidence,sequence_linked,eligible_for_motor_neuron_training,import_note
fit4function_existing_virtual_screen,,VIRT_0406245,GKEKGGE,mouse,,unknown,,,unknown,unknown,spinal_cord,spinal_cord_bulk_proxy,,predicted_spinal_cord_proxy,0.28453168,L1,docs/audit_data/experimental_validation_panel.csv,organ_proxy_not_motor_neuron,spinalcordbulkproxy,False,False,True,False,Existing spinal-cord proxy; not a motor-neuron transduction label.
fit4function_existing_virtual_screen,,VIRT_0733807,VNKGKDE,mouse,,unknown,,,unknown,unknown,spinal_cord,spinal_cord_bulk_proxy,,predicted_spinal_cord_proxy,0.21958752,L1,docs/audit_data/experimental_validation_panel.csv,organ_proxy_not_motor_neuron,spinalcordbulkproxy,False,False,True,False,Existing spinal-cord proxy; not a motor-neuron transduction label.
fit4function_existing_virtual_screen,,VIRT_0878801,KGDKNEG,mouse,,unknown,,,unknown,unknown,spinal_cord,spinal_cord_bulk_proxy,,predicted_spinal_cord_proxy,0.1682895,L1,docs/audit_data/experimental_validation_panel.csv,organ_proxy_not_motor_neuron,spinalcordbulkproxy,False,False,True,False,Existing spinal-cord proxy; not a motor-neuron transduction label.
fit4function_existing_virtual_screen,,VIRT_0120124,SKDNKEG,mouse,,unknown,,,unknown,unknown,spinal_cord,spinal_cord_bulk_proxy,,predicted_spinal_cord_proxy,0.28405604,L1,docs/audit_data/experimental_validation_panel.csv,organ_proxy_not_motor_neuron,spinalcordbulkproxy,False,False,True,False,Existing spinal-cord proxy; not a motor-neuron transduction label.
fit4function_existing_virtual_screen,,VIRT_0021746,KKDGQEG,mouse,,unknown,,,unknown,unknown,spinal_cord,spinal_cord_bulk_proxy,,predicted_spinal_cord_proxy,0.15574151,L1,docs/audit_data/experimental_validation_panel.csv,organ_proxy_not_motor_neuron,spinalcordbulkproxy,False,False,True,False,Existing spinal-cord proxy; not a motor-neuron transduction label.
fit4function_existing_virtual_screen,,VIRT_0448997,QGSGKEG,mouse,,unknown,,,unknown,unknown,spinal_cord,spinal_cord_bulk_proxy,,predicted_spinal_cord_proxy,0.12734513,L1,docs/audit_data/experimental_validation_panel.csv,organ_proxy_not_motor_neuron,spinalcordbulkproxy,False,False,True,False,Existing spinal-cord proxy; not a motor-neuron transduction label.
fit4function_existing_virtual_screen,,VIRT_0423559,GAKGGEG,mouse,,unknown,,,unknown,unknown,spinal_cord,spinal_cord_bulk_proxy,,predicted_spinal_cord_proxy,0.14423624,L1,docs/audit_data/experimental_validation_panel.csv,organ_proxy_not_motor_neuron,spinalcordbulkproxy,False,False,True,False,Existing spinal-cord proxy; not a motor-neuron transduction label.
fit4function_existing_virtual_screen,,VIRT_0884615,QQKDKQA,mouse,,unknown,,,unknown,unknown,spinal_cord,spinal_cord_bulk_proxy,,predicted_spinal_cord_proxy,0.30518484,L1,docs/audit_data/experimental_validation_panel.csv,organ_proxy_not_motor_neuron,spinalcordbulkproxy,False,False,True,False,Existing spinal-cord proxy; not a motor-neuron transduction label.
fit4function_existing_virtual_screen,,VIRT_0208199,RAKREEE,mouse,,unknown,,,unknown,unknown,spinal_cord,spinal_cord_bulk_proxy,,predicted_spinal_cord_proxy,-0.6410416,L1,docs/audit_data/experimental_validation_panel.csv,organ_proxy_not_motor_neuron,spinalcordbulkproxy,False,False,True,False,Existing spinal-cord proxy; not a motor-neuron transduction label.
fit4function_existing_virtual_screen,,VIRT_0064588,QPKKEDG,mouse,,unknown,,,unknown,unknown,spinal_cord,spinal_cord_bulk_proxy,,predicted_spinal_cord_proxy,0.03987307,L1,docs/audit_data/experimental_validation_panel.csv,organ_proxy_not_motor_neuron,spinalcordbulkproxy,False,False,True,False,Existing spinal-cord proxy; not a motor-neuron transduction label.
fit4function_existing_virtual_screen,,VIRT_0120237,VKGKTDE,mouse,,unknown,,,unknown,unknown,spinal_cord,spinal_cord_bulk_proxy,,predicted_spinal_cord_proxy,0.05688879,L1,docs/audit_data/experimental_validation_panel.csv,organ_proxy_not_motor_neuron,spinalcordbulkproxy,False,False,True,False,Existing spinal-cord proxy; not a motor-neuron transduction label.
fit4function_existing_virtual_screen,,VIRT_0122136,NPKRSEE,mouse,,unknown,,,unknown,unknown,spinal_cord,spinal_cord_bulk_proxy,,predicted_spinal_cord_proxy,-0.0028279498,L1,docs/audit_data/experimental_validation_panel.csv,organ_proxy_not_motor_neuron,spinalcordbulkproxy,False,False,True,False,Existing spinal-cord proxy; not a motor-neuron transduction label.
fit4function_existing_virtual_screen,,VIRT_0375913,TGNGGKV,mouse,,unknown,,,unknown,unknown,spinal_cord,spinal_cord_bulk_proxy,,predicted_spinal_cord_proxy,0.14919087,L1,docs/audit_data/experimental_validation_panel.csv,organ_proxy_not_motor_neuron,spinalcordbulkproxy,False,False,True,False,Existing spinal-cord proxy; not a motor-neuron transduction label.
fit4function_existing_virtual_screen,,VIRT_0493595,KGGNGTP,mouse,,unknown,,,unknown,unknown,spinal_cord,spinal_cord_bulk_proxy,,predicted_spinal_cord_proxy,0.003261468,L1,docs/audit_data/experimental_validation_panel.csv,organ_proxy_not_motor_neuron,spinalcordbulkproxy,False,False,True,False,Existing spinal-cord proxy; not a motor-neuron transduction label.
fit4function_existing_virtual_screen,,VIRT_0780364,HKAEGKA,mouse,,unknown,,,unknown,unknown,spinal_cord,spinal_cord_bulk_proxy,,predicted_spinal_cord_proxy,0.13547516,L1,docs/audit_data/experimental_validation_panel.csv,organ_proxy_not_motor_neuron,spinalcordbulkproxy,False,False,True,False,Existing spinal-cord proxy; not a motor-neuron transduction label.
fit4function_existing_virtual_screen,,VIRT_0801120,TTNGKAA,mouse,,unknown,,,unknown,unknown,spinal_cord,spinal_cord_bulk_proxy,,predicted_spinal_cord_proxy,0.0473159,L1,docs/audit_data/experimental_validation_panel.csv,organ_proxy_not_motor_neuron,spinalcordbulkproxy,False,False,True,False,Existing spinal-cord proxy; not a motor-neuron transduction label.
fit4function_existing_virtual_screen,,VIRT_0037314,NGTGKGP,mouse,,unknown,,,unknown,unknown,spinal_cord,spinal_cord_bulk_proxy,,predicted_spinal_cord_proxy,0.18869488,L1,docs/audit_data/experimental_validation_panel.csv,organ_proxy_not_motor_neuron,spinalcordbulkproxy,False,False,True,False,Existing spinal-cord proxy; not a motor-neuron transduction label.
fit4function_existing_virtual_screen,,VIRT_0250163,GGKASQP,mouse,,unknown,,,unknown,unknown,spinal_cord,spinal_cord_bulk_proxy,,predicted_spinal_cord_proxy,0.15269056,L1,docs/audit_data/experimental_validation_panel.csv,organ_proxy_not_motor_neuron,spinalcordbulkproxy,False,False,True,False,Existing spinal-cord proxy; not a motor-neuron transduction label.
fit4function_existing_virtual_screen,,VIRT_0046147,GKKEGGV,mouse,,unknown,,,unknown,unknown,spinal_cord,spinal_cord_bulk_proxy,,predicted_spinal_cord_proxy,0.20553747,L1,docs/audit_data/experimental_validation_panel.csv,organ_proxy_not_motor_neuron,spinalcordbulkproxy,False,False,True,False,Existing spinal-cord proxy; not a motor-neuron transduction label.
fit4function_existing_virtual_screen,,VIRT_0674110,KPNGSTA,mouse,,unknown,,,unknown,unknown,spinal_cord,spinal_cord_bulk_proxy,,predicted_spinal_cord_proxy,0.12418858,L1,docs/audit_data/experimental_validation_panel.csv,organ_proxy_not_motor_neuron,spinalcordbulkproxy,False,False,True,False,Existing spinal-cord proxy; not a motor-neuron transduction label.
fit4function_existing_virtual_screen,,VIRT_0172875,LKNGASA,mouse,,unknown,,,unknown,unknown,spinal_cord,spinal_cord_bulk_proxy,,predicted_spinal_cord_proxy,0.09722526,L1,docs/audit_data/experimental_validation_panel.csv,organ_proxy_not_motor_neuron,spinalcordbulkproxy,False,False,True,False,Existing spinal-cord proxy; not a motor-neuron transduction label.
fit4function_existing_virtual_screen,,VIRT_0324177,QGGGSKV,mouse,,unknown,,,unknown,unknown,spinal_cord,spinal_cord_bulk_proxy,,predicted_spinal_cord_proxy,0.14624318,L1,docs/audit_data/experimental_validation_panel.csv,organ_proxy_not_motor_neuron,spinalcordbulkproxy,False,False,True,False,Existing spinal-cord proxy; not a motor-neuron transduction label.
fit4function_existing_virtual_screen,,VIRT_0292763,NPSKTQA,mouse,,unknown,,,unknown,unknown,spinal_cord,spinal_cord_bulk_proxy,,predicted_spinal_cord_proxy,0.09939519,L1,docs/audit_data/experimental_validation_panel.csv,organ_proxy_not_motor_neuron,spinalcordbulkproxy,False,False,True,False,Existing spinal-cord proxy; not a motor-neuron transduction label.
fit4function_existing_virtual_screen,,VIRT_0445785,HSKGSGA,mouse,,unknown,,,unknown,unknown,spinal_cord,spinal_cord_bulk_proxy,,predicted_spinal_cord_proxy,0.063193224,L1,docs/audit_data/experimental_validation_panel.csv,organ_proxy_not_motor_neuron,spinalcordbulkproxy,False,False,True,False,Existing spinal-cord proxy; not a motor-neuron transduction label.
fit4function_existing_virtual_screen,,VIRT_0264186,GKNHSEG,mouse,,unknown,,,unknown,unknown,spinal_cord,spinal_cord_bulk_proxy,,predicted_spinal_cord_proxy,-0.0021761253,L1,docs/audit_data/experimental_validation_panel.csv,organ_proxy_not_motor_neuron,spinalcordbulkproxy,False,False,True,False,Existing spinal-cord proxy; not a motor-neuron transduction label.
fit4function_existing_virtual_screen,,VIRT_0131220,GGRGGSE,mouse,,unknown,,,unknown,unknown,spinal_cord,spinal_cord_bulk_proxy,,predicted_spinal_cord_proxy,-0.24751826,L1,docs/audit_data/experimental_validation_panel.csv,organ_proxy_not_motor_neuron,spinalcordbulkproxy,False,False,True,False,Existing spinal-cord proxy; not a motor-neuron transduction label.
fit4function_existing_virtual_screen,,VIRT_0071974,QHNKKEE,mouse,,unknown,,,unknown,unknown,spinal_cord,spinal_cord_bulk_proxy,,predicted_spinal_cord_proxy,-0.07335576,L1,docs/audit_data/experimental_validation_panel.csv,organ_proxy_not_motor_neuron,spinalcordbulkproxy,False,False,True,False,Existing spinal-cord proxy; not a motor-neuron transduction label.
fit4function_existing_virtual_screen,,VIRT_0126569,RPPKGDE,mouse,,unknown,,,unknown,unknown,spinal_cord,spinal_cord_bulk_proxy,,predicted_spinal_cord_proxy,-0.0449275,L1,docs/audit_data/experimental_validation_panel.csv,organ_proxy_not_motor_neuron,spinalcordbulkproxy,False,False,True,False,Existing spinal-cord proxy; not a motor-neuron transduction label.
fit4function_existing_virtual_screen,,VIRT_0684355,KKHNGDE,mouse,,unknown,,,unknown,unknown,spinal_cord,spinal_cord_bulk_proxy,,predicted_spinal_cord_proxy,-0.28944033,L1,docs/audit_data/experimental_validation_panel.csv,organ_proxy_not_motor_neuron,spinalcordbulkproxy,False,False,True,False,Existing spinal-cord proxy; not a motor-neuron transduction label.
fit4function_existing_virtual_screen,,VIRT_0520688,TPKGGTP,mouse,,unknown,,,unknown,unknown,spinal_cord,spinal_cord_bulk_proxy,,predicted_spinal_cord_proxy,-0.01813826,L1,docs/audit_data/experimental_validation_panel.csv,organ_proxy_not_motor_neuron,spinalcordbulkproxy,False,False,True,False,Existing spinal-cord proxy; not a motor-neuron transduction label.
fit4function_existing_virtual_screen,,CTRL_026,EMKGLSL,mouse,,unknown,,,unknown,unknown,spinal_cord,spinal_cord_bulk_proxy,,predicted_spinal_cord_proxy,0.53309387,L1,docs/audit_data/experimental_validation_panel.csv,organ_proxy_not_motor_neuron,spinalcordbulkproxy,False,False,True,False,Existing spinal-cord proxy; not a motor-neuron transduction label.
fit4function_existing_virtual_screen,,CTRL_001,NADRGWL,mouse,,unknown,,,unknown,unknown,spinal_cord,spinal_cord_bulk_proxy,,predicted_spinal_cord_proxy,-0.8080019,L1,docs/audit_data/experimental_validation_panel.csv,organ_proxy_not_motor_neuron,spinalcordbulkproxy,False,False,True,False,Existing spinal-cord proxy; not a motor-neuron transduction label.
fit4function_existing_virtual_screen,,CTRL_051,IANTDPN,mouse,,unknown,,,unknown,unknown,spinal_cord,spinal_cord_bulk_proxy,,predicted_spinal_cord_proxy,0.22648153,L1,docs/audit_data/experimental_validation_panel.csv,organ_proxy_not_motor_neuron,spinalcordbulkproxy,False,False,True,False,Existing spinal-cord proxy; not a motor-neuron transduction label.
fit4function_existing_virtual_screen,,CTRL_076,QVVKFPG,mouse,,unknown,,,unknown,unknown,spinal_cord,spinal_cord_bulk_proxy,,predicted_spinal_cord_proxy,-0.3204984,L1,docs/audit_data/experimental_validation_panel.csv,organ_proxy_not_motor_neuron,spinalcordbulkproxy,False,False,True,False,Existing spinal-cord proxy; not a motor-neuron transduction label.
