challenge_id,target_residue,gate_stratum,variant_id,AA,pred_pack,pred_pack_lcb_90,pred_pack_lcb_95,packaging_threshold,packaging_margin_95,display_score,f_cns,f_liv,f_off,organ_uncertainty_mean,training_distance_lower_bound,human_liver_warning,experimental_scope,therapeutic_priority,replaces_primary_shortlist
COMP-C-95,C,strict_95_survivor,VIRT_0452569,CRKSKTA,1.8265386,0.10250537600555432,-0.7238401498840334,-0.769888015,0.04604786511596659,-2.5722253,-4.8187046,2.5188382,-2.3889244,0.9796957,2,True,stage_1_packaging_and_qc_only,not_assigned_composition_challenge,False
COMP-C-90,C,sensitivity_90_only,VIRT_0800308,CVKKKSK,1.7776723,0.05363907600555451,-0.7727064498840333,-0.769888015,-0.0028184348840332163,-3.6554918,-6.8784714,3.6012254,-3.5012455,1.7254912,2,True,stage_1_packaging_and_qc_only,not_assigned_composition_challenge,False
COMP-F-95,F,strict_95_survivor,VIRT_0401097,FKKGQPE,1.9277654,0.20373217600555438,-0.6226133498840334,-0.769888015,0.14727466511596665,-0.80393183,-1.0511644,1.2022743,-0.4494405,0.26713285,2,True,stage_1_packaging_and_qc_only,not_assigned_composition_challenge,False
COMP-F-90,F,sensitivity_90_only,VIRT_0351128,KKFKTVK,1.7789679,0.05493467600555446,-0.7714108498840333,-0.769888015,-0.001522834884033264,-3.622816,-5.580269,4.389484,-2.1231217,1.2882725,2,True,stage_1_packaging_and_qc_only,not_assigned_composition_challenge,False
COMP-I-95,I,strict_95_survivor,VIRT_0621925,IKQGKEV,1.9090881,0.18505487600555437,-0.6412906498840334,-0.769888015,0.12859736511596664,-0.114700615,0.020007677,0.40828842,-0.095984355,0.14674516,2,True,stage_1_packaging_and_qc_only,not_assigned_composition_challenge,False
COMP-I-90,I,sensitivity_90_only,VIRT_0179735,INRQKVK,1.7799764,0.05594317600555443,-0.7704023498840333,-0.769888015,-0.0005143348840332962,-2.778076,-4.1038485,3.5680718,-1.587404,1.0062011,2,True,stage_1_packaging_and_qc_only,not_assigned_composition_challenge,False
COMP-M-95,M,strict_95_survivor,VIRT_0954214,MNGGNKG,1.9602346,0.23620137600555435,-0.5901441498840334,-0.769888015,0.17974386511596663,-0.066884905,-0.10950336,0.21877079,-0.29480687,0.10112138,2,False,stage_1_packaging_and_qc_only,not_assigned_composition_challenge,False
COMP-M-90,M,sensitivity_90_only,VIRT_0717618,HRRKMND,1.7799153,0.055882076005554504,-0.7704634498840333,-0.769888015,-0.0005754348840332213,-2.7436512,-4.7340593,3.0662322,-2.299284,0.85561955,2,True,stage_1_packaging_and_qc_only,not_assigned_composition_challenge,False
COMP-W-95,W,strict_95_survivor,VIRT_0386728,WPNKGKA,1.9186316,0.19459837600555452,-0.6317471498840332,-0.769888015,0.1381408651159668,-1.4657326,-1.9200811,2.0360982,-0.55469155,0.21166167,2,True,stage_1_packaging_and_qc_only,not_assigned_composition_challenge,False
COMP-W-90,W,sensitivity_90_only,VIRT_0669579,WNKQNKG,1.7790432,0.05500997600555446,-0.7713355498840333,-0.769888015,-0.0014475348840332636,-1.4806275,-1.9639183,2.100982,-0.69239706,0.22067626,2,True,stage_1_packaging_and_qc_only,not_assigned_composition_challenge,False
COMP-Y-95,Y,strict_95_survivor,VIRT_0913692,YKDGKEG,1.828548,0.10451477600555448,-0.7218307498840333,-0.769888015,0.04805726511596675,0.5303958,0.11306791,-1.1565666,-0.37358484,0.12767902,2,False,stage_1_packaging_and_qc_only,not_assigned_composition_challenge,False
COMP-Y-90,Y,sensitivity_90_only,VIRT_0444509,YRHANKP,1.7791653,0.055132076005554476,-0.7712134498840333,-0.769888015,-0.0013254348840332497,-1.7626976,-2.4463794,2.2796843,-0.6803132,0.2807973,2,True,stage_1_packaging_and_qc_only,not_assigned_composition_challenge,False
