experiment_accession,experiment_alias,experiment_title,biosample_accession,run_accession,bytes,spots,library,assay_type,sample,lab_host,project_role,fastq_url,fastq_md5,fastq_bytes,kind,endpoint,biological_replicate,technical_replicate,production_round,reads_examined,valid_reads_all_7mer,whitelist_matched_reads,valid_fraction,whitelist_share_of_valid
SRX25195611,hammerhead_Brain_a1_r1,Hammerhead library mouse brain biodistribution,SRS21884675,SRR29692575,248717916,3967992,Hammerhead,Biodistribution,Brain,Mus musculus,Brain,https://ftp.sra.ebi.ac.uk/vol1/fastq/SRR296/075/SRR29692575/SRR29692575.fastq.gz,97da73986ff3c6f5566048da78a19c2d,209708086,organ,Brain,1.0,1,,3967992,2333071,901110,0.5879727076062653,0.3862334236720614
SRX25195612,hammerhead_Brain_a1_r2,Hammerhead library mouse brain biodistribution,SRS21884675,SRR29692574,180770084,2890580,Hammerhead,Biodistribution,Brain,Mus musculus,Brain,https://ftp.sra.ebi.ac.uk/vol1/fastq/SRR296/074/SRR29692574/SRR29692574.fastq.gz,d27ab326bdc9735a93dbb22b44b2111b,150511531,organ,Brain,1.0,2,,2890580,1687661,632367,0.5838485701831466,0.37470025082051434
SRX25195613,hammerhead_Brain_a1_r3,Hammerhead library mouse brain biodistribution,SRS21884675,SRR29692573,134656748,2169647,Hammerhead,Biodistribution,Brain,Mus musculus,Brain,https://ftp.sra.ebi.ac.uk/vol1/fastq/SRR296/073/SRR29692573/SRR29692573.fastq.gz,7037d6d6639fae60d125414343a536bb,111266217,organ,Brain,1.0,3,,2169647,1279739,486285,0.589837425166398,0.3799876381043322
SRX25195614,hammerhead_Brain_a2_r1,Hammerhead library mouse brain biodistribution,SRS21884675,SRR29692572,213629799,3429470,Hammerhead,Biodistribution,Brain,Mus musculus,Brain,https://ftp.sra.ebi.ac.uk/vol1/fastq/SRR296/072/SRR29692572/SRR29692572.fastq.gz,5c01d3fc96fc482c1c50df5a1d7cfc92,175500626,organ,Brain,2.0,1,,3429470,1991825,796714,0.5807967411874138,0.39999196716579016
SRX25195615,hammerhead_Brain_a2_r2,Hammerhead library mouse brain biodistribution,SRS21884675,SRR29692571,187633804,2951666,Hammerhead,Biodistribution,Brain,Mus musculus,Brain,https://ftp.sra.ebi.ac.uk/vol1/fastq/SRR296/071/SRR29692571/SRR29692571.fastq.gz,164e7fd306ece6cbba64614d761475ce,153304780,organ,Brain,2.0,2,,2951666,1695215,675757,0.5743248050423049,0.39862613296838456
SRX25195616,hammerhead_Brain_a2_r3,Hammerhead library mouse brain biodistribution,SRS21884675,SRR29692570,220105382,3446846,Hammerhead,Biodistribution,Brain,Mus musculus,Brain,https://ftp.sra.ebi.ac.uk/vol1/fastq/SRR296/070/SRR29692570/SRR29692570.fastq.gz,81aa354566a8b77d6e978d337a70a219,177050265,organ,Brain,2.0,3,,3446846,2001511,794482,0.5806789743435012,0.39694111099064655
SRX25195618,hammerhead_Brain_a3_r1,Hammerhead library mouse brain biodistribution,SRS21884675,SRR29692568,258036562,4077330,Hammerhead,Biodistribution,Brain,Mus musculus,Brain,https://ftp.sra.ebi.ac.uk/vol1/fastq/SRR296/068/SRR29692568/SRR29692568.fastq.gz,d29baf125c42235f7eb726c3b327b140,204188083,organ,Brain,3.0,1,,4077330,2423788,955556,0.5944547044266714,0.39424075042866785
SRX25195619,hammerhead_Brain_a3_r2,Hammerhead library mouse brain biodistribution,SRS21884675,SRR29692567,174220916,2741942,Hammerhead,Biodistribution,Brain,Mus musculus,Brain,https://ftp.sra.ebi.ac.uk/vol1/fastq/SRR296/067/SRR29692567/SRR29692567.fastq.gz,a75e7fb1cd76b7790915b0b47e181241,136493924,organ,Brain,3.0,2,,2741942,1702822,660389,0.621027724145879,0.3878203358894823
SRX25195620,hammerhead_Brain_a3_r3,Hammerhead library mouse brain biodistribution,SRS21884675,SRR29692566,241455304,3848677,Hammerhead,Biodistribution,Brain,Mus musculus,Brain,https://ftp.sra.ebi.ac.uk/vol1/fastq/SRR296/066/SRR29692566/SRR29692566.fastq.gz,964b4384eb945d854c44b97184de9c2a,203054149,organ,Brain,3.0,3,,3848677,2253047,851906,0.5854081805254118,0.3781128400783472
SRX25195621,hammerhead_Brain_a4_r1,Hammerhead library mouse brain biodistribution,SRS21884675,SRR29692565,330192086,5277932,Hammerhead,Biodistribution,Brain,Mus musculus,Brain,https://ftp.sra.ebi.ac.uk/vol1/fastq/SRR296/065/SRR29692565/SRR29692565.fastq.gz,b218dc88783f1c6b5d4af1ae4b59da75,275707849,organ,Brain,4.0,1,,5277932,3077200,1228459,0.5830313842618662,0.3992132458078773
SRX25195622,hammerhead_Brain_a4_r2,Hammerhead library mouse brain biodistribution,SRS21884675,SRR29692564,460414073,7425744,Hammerhead,Biodistribution,Brain,Mus musculus,Brain,https://ftp.sra.ebi.ac.uk/vol1/fastq/SRR296/064/SRR29692564/SRR29692564.fastq.gz,26db604f40ffa4cc50aa8b3fc4483d03,379408951,organ,Brain,4.0,2,,7425744,4366683,1743457,0.588046531095066,0.3992634684038205
SRX25195623,hammerhead_Brain_a4_r3,Hammerhead library mouse brain biodistribution,SRS21884675,SRR29692563,408754593,6568051,Hammerhead,Biodistribution,Brain,Mus musculus,Brain,https://ftp.sra.ebi.ac.uk/vol1/fastq/SRR296/063/SRR29692563/SRR29692563.fastq.gz,32cc90d4c62f17824cbda1e83951d5a5,334283397,organ,Brain,4.0,3,,6568051,3811227,1532386,0.5802675710039401,0.40207156382970627
SRX25195523,hammerhead_Heart_a1_r1,Hammerhead library mouse heart biodistribution,SRS21884665,SRR29692662,232508752,3887865,Hammerhead,Biodistribution,Heart,Mus musculus,Heart,https://ftp.sra.ebi.ac.uk/vol1/fastq/SRR296/062/SRR29692662/SRR29692662.fastq.gz,b5a6f86337d10df38d681ce40f6d9e99,195078396,organ,Heart,1.0,1,,3887865,2379855,962711,0.6121238777581012,0.4045250656027363
SRX25195524,hammerhead_Heart_a1_r2,Hammerhead library mouse heart biodistribution,SRS21884665,SRR29692661,266403993,4492446,Hammerhead,Biodistribution,Heart,Mus musculus,Heart,https://ftp.sra.ebi.ac.uk/vol1/fastq/SRR296/061/SRR29692661/SRR29692661.fastq.gz,59e391d726fa03024e5a1ba2d789570c,220600425,organ,Heart,1.0,2,,4492446,2716554,1099763,0.6046937459014532,0.40483752577714266
SRX25195526,hammerhead_Heart_a1_r3,Hammerhead library mouse heart biodistribution,SRS21884665,SRR29692659,145763067,2442306,Hammerhead,Biodistribution,Heart,Mus musculus,Heart,https://ftp.sra.ebi.ac.uk/vol1/fastq/SRR296/059/SRR29692659/SRR29692659.fastq.gz,3fd5f4c3ada39d228dbcde7e19821311,119937102,organ,Heart,1.0,3,,2442306,1490621,604241,0.6103334307822198,0.40536192633808327
SRX25195527,hammerhead_Heart_a2_r1,Hammerhead library mouse heart biodistribution,SRS21884665,SRR29692658,342283089,5727043,Hammerhead,Biodistribution,Heart,Mus musculus,Heart,https://ftp.sra.ebi.ac.uk/vol1/fastq/SRR296/058/SRR29692658/SRR29692658.fastq.gz,6348590b4e9bc47fbb112fd035766996,278365641,organ,Heart,2.0,1,,5727043,3455739,1405952,0.6034072033333782,0.40684554012904334
SRX25195528,hammerhead_Heart_a2_r2,Hammerhead library mouse heart biodistribution,SRS21884665,SRR29692657,317644288,5315065,Hammerhead,Biodistribution,Heart,Mus musculus,Heart,https://ftp.sra.ebi.ac.uk/vol1/fastq/SRR296/057/SRR29692657/SRR29692657.fastq.gz,f8f9c4e870c68d7bad3a4ed7aa423f05,253156068,organ,Heart,2.0,2,,5315065,3233704,1317179,0.6084034720177458,0.407328252678662
SRX25195529,hammerhead_Heart_a2_r3,Hammerhead library mouse heart biodistribution,SRS21884665,SRR29692656,282094338,4627946,Hammerhead,Biodistribution,Heart,Mus musculus,Heart,https://ftp.sra.ebi.ac.uk/vol1/fastq/SRR296/056/SRR29692656/SRR29692656.fastq.gz,2e2afde54316f1fa4e25582971fe4be5,223864745,organ,Heart,2.0,3,,4627946,2784289,1131937,0.6016252134316173,0.4065443637495964
SRX25195530,hammerhead_Heart_a3_r1,Hammerhead library mouse heart biodistribution,SRS21884665,SRR29692655,898238076,14780586,Hammerhead,Biodistribution,Heart,Mus musculus,Heart,https://ftp.sra.ebi.ac.uk/vol1/fastq/SRR296/055/SRR29692655/SRR29692655.fastq.gz,f226a14b47080bef4df24bdbcad755d0,700652081,organ,Heart,3.0,1,,14780586,8919654,3620249,0.6034709313960894,0.405873254724903
SRX25195531,hammerhead_Heart_a3_r2,Hammerhead library mouse heart biodistribution,SRS21884665,SRR29692654,357797299,5993764,Hammerhead,Biodistribution,Heart,Mus musculus,Heart,https://ftp.sra.ebi.ac.uk/vol1/fastq/SRR296/054/SRR29692654/SRR29692654.fastq.gz,06c3bd8588706f7100999c825d9393ab,273312949,organ,Heart,3.0,2,,5993764,3815111,1550840,0.6365133829093037,0.4064993128640294
SRX25195532,hammerhead_Heart_a3_r3,Hammerhead library mouse heart biodistribution,SRS21884665,SRR29692653,332036105,5628859,Hammerhead,Biodistribution,Heart,Mus musculus,Heart,https://ftp.sra.ebi.ac.uk/vol1/fastq/SRR296/053/SRR29692653/SRR29692653.fastq.gz,cff0c7a46c69406917ad4cd8e0d58c59,273995105,organ,Heart,3.0,3,,5628859,3434968,1393519,0.6102423244213436,0.4056861665086836
SRX25195533,hammerhead_Heart_a4_r1,Hammerhead library mouse heart biodistribution,SRS21884665,SRR29692652,814477012,13677922,Hammerhead,Biodistribution,Heart,Mus musculus,Heart,https://ftp.sra.ebi.ac.uk/vol1/fastq/SRR296/052/SRR29692652/SRR29692652.fastq.gz,d73f99c6a504892abe0a310db0a33701,664592263,organ,Heart,4.0,1,,13677922,8276208,3367217,0.6050778765955823,0.4068550476256759
SRX25195534,hammerhead_Heart_a4_r2,Hammerhead library mouse heart biodistribution,SRS21884665,SRR29692651,629401397,10636172,Hammerhead,Biodistribution,Heart,Mus musculus,Heart,https://ftp.sra.ebi.ac.uk/vol1/fastq/SRR296/051/SRR29692651/SRR29692651.fastq.gz,284f5f3f3d843d86f8bb774b0fbcf6c5,506810866,organ,Heart,4.0,2,,10636172,6573181,2675185,0.6180025106777137,0.4069848373260983
SRX25195535,hammerhead_Heart_a4_r3,Hammerhead library mouse heart biodistribution,SRS21884665,SRR29692650,629871611,10515205,Hammerhead,Biodistribution,Heart,Mus musculus,Heart,https://ftp.sra.ebi.ac.uk/vol1/fastq/SRR296/050/SRR29692650/SRR29692650.fastq.gz,cb8b667935c5f78f5754a04465928d08,500902068,organ,Heart,4.0,3,,10515205,6310840,2570131,0.6001632873538842,0.4072565617255389
SRX25195510,hammerhead_Kidney_a1_r1,Hammerhead library mouse kidney biodistribution,SRS21884664,SRR29692675,344403992,5819014,Hammerhead,Biodistribution,Kidney,Mus musculus,Kidney,https://ftp.sra.ebi.ac.uk/vol1/fastq/SRR296/075/SRR29692675/SRR29692675.fastq.gz,2507594c2b9e762f9cb68a683e2e9ed9,284521517,organ,Kidney,1.0,1,,5819014,3528824,1425769,0.6064298865752857,0.40403516865675365
SRX25195511,hammerhead_Kidney_a1_r2,Hammerhead library mouse kidney biodistribution,SRS21884664,SRR29692674,213532315,3597981,Hammerhead,Biodistribution,Kidney,Mus musculus,Kidney,https://ftp.sra.ebi.ac.uk/vol1/fastq/SRR296/074/SRR29692674/SRR29692674.fastq.gz,9069447244e64e5da91e178d57383b43,175110327,organ,Kidney,1.0,2,,3597981,2221978,897492,0.6175624607245007,0.40391579034535896
SRX25195512,hammerhead_Kidney_a1_r3,Hammerhead library mouse kidney biodistribution,SRS21884664,SRR29692673,395299311,6666110,Hammerhead,Biodistribution,Kidney,Mus musculus,Kidney,https://ftp.sra.ebi.ac.uk/vol1/fastq/SRR296/073/SRR29692673/SRR29692673.fastq.gz,0f9a85424ea4e2d30d5f0b81aa827000,319801868,organ,Kidney,1.0,3,,6666110,4116349,1665953,0.6175039115766167,0.40471616959592105
SRX25195513,hammerhead_Kidney_a2_r1,Hammerhead library mouse kidney biodistribution,SRS21884664,SRR29692672,346138685,5805373,Hammerhead,Biodistribution,Kidney,Mus musculus,Kidney,https://ftp.sra.ebi.ac.uk/vol1/fastq/SRR296/072/SRR29692672/SRR29692672.fastq.gz,1d23d7c015e77bf2b55a22ebea822ff5,275684970,organ,Kidney,2.0,1,,5805373,3554395,1443056,0.6122595395679141,0.40599201833223375
SRX25195515,hammerhead_Kidney_a2_r2,Hammerhead library mouse kidney biodistribution,SRS21884664,SRR29692670,359363170,5906644,Hammerhead,Biodistribution,Kidney,Mus musculus,Kidney,https://ftp.sra.ebi.ac.uk/vol1/fastq/SRR296/070/SRR29692670/SRR29692670.fastq.gz,36b2c4f2643de7cc67b7ae695e343356,284580727,organ,Kidney,2.0,2,,5906644,3554210,1440304,0.6017308644299538,0.4052388575801655
SRX25195516,hammerhead_Kidney_a2_r3,Hammerhead library mouse kidney biodistribution,SRS21884664,SRR29692669,416493652,6872364,Hammerhead,Biodistribution,Kidney,Mus musculus,Kidney,https://ftp.sra.ebi.ac.uk/vol1/fastq/SRR296/069/SRR29692669/SRR29692669.fastq.gz,f250a67246e0119769234e7b83cc6129,326179264,organ,Kidney,2.0,3,,6872364,4165719,1689678,0.6061551745512898,0.4056149730694749
SRX25195517,hammerhead_Kidney_a3_r1,Hammerhead library mouse kidney biodistribution,SRS21884664,SRR29692668,519962482,8763657,Hammerhead,Biodistribution,Kidney,Mus musculus,Kidney,https://ftp.sra.ebi.ac.uk/vol1/fastq/SRR296/068/SRR29692668/SRR29692668.fastq.gz,80a7ab49fea04a74693c2375c9358002,393974530,organ,Kidney,3.0,1,,8763657,5655309,2294304,0.6453138227568697,0.4056902991507626
SRX25195518,hammerhead_Kidney_a3_r2,Hammerhead library mouse kidney biodistribution,SRS21884664,SRR29692667,587787742,9924138,Hammerhead,Biodistribution,Kidney,Mus musculus,Kidney,https://ftp.sra.ebi.ac.uk/vol1/fastq/SRR296/067/SRR29692667/SRR29692667.fastq.gz,643ab748f78b1b4081e166caa86bf38d,483821988,organ,Kidney,3.0,2,,9924138,6008298,2432218,0.6054226573632894,0.4048098146929463
SRX25195519,hammerhead_Kidney_a3_r3,Hammerhead library mouse kidney biodistribution,SRS21884664,SRR29692666,628012161,10574486,Hammerhead,Biodistribution,Kidney,Mus musculus,Kidney,https://ftp.sra.ebi.ac.uk/vol1/fastq/SRR296/066/SRR29692666/SRR29692666.fastq.gz,b466aad3f1611eaaaae4c5ecfc3d14e8,512146718,organ,Kidney,3.0,3,,10574486,6492877,2631367,0.6140134849107559,0.4052698056655008
SRX25195520,hammerhead_Kidney_a4_r1,Hammerhead library mouse kidney biodistribution,SRS21884664,SRR29692665,610370416,10366601,Hammerhead,Biodistribution,Kidney,Mus musculus,Kidney,https://ftp.sra.ebi.ac.uk/vol1/fastq/SRR296/065/SRR29692665/SRR29692665.fastq.gz,cc365d3396f863fc424548758ec6c944,489838303,organ,Kidney,4.0,1,,10366601,6526289,2648981,0.6295495505228763,0.40589391612905895
SRX25195521,hammerhead_Kidney_a4_r2,Hammerhead library mouse kidney biodistribution,SRS21884664,SRR29692664,295627953,4975705,Hammerhead,Biodistribution,Kidney,Mus musculus,Kidney,https://ftp.sra.ebi.ac.uk/vol1/fastq/SRR296/064/SRR29692664/SRR29692664.fastq.gz,0ac961a8d43940e6607b5cf41535572b,234797907,organ,Kidney,4.0,2,,4975705,3088786,1254526,0.6207735386241748,0.40615503955275634
SRX25195522,hammerhead_Kidney_a4_r3,Hammerhead library mouse kidney biodistribution,SRS21884664,SRR29692663,477775380,7845068,Hammerhead,Biodistribution,Kidney,Mus musculus,Kidney,https://ftp.sra.ebi.ac.uk/vol1/fastq/SRR296/063/SRR29692663/SRR29692663.fastq.gz,5e404908b216dd789f9772dcc11c8163,378189045,organ,Kidney,4.0,3,,7845068,4715288,1912610,0.6010512592115199,0.4056189144756375
SRX25195561,hammerhead_Liver_a1_r1,Hammerhead library mouse liver biodistribution,SRS21884670,SRR29692624,607457154,10327483,Hammerhead,Biodistribution,Liver,Mus musculus,Liver,https://ftp.sra.ebi.ac.uk/vol1/fastq/SRR296/024/SRR29692624/SRR29692624.fastq.gz,c324ccb77304d7897fa28c6a59c16b91,497180254,organ,Liver,1.0,1,,10327483,6366739,2577111,0.6164850622363649,0.4047772336827377
SRX25195562,hammerhead_Liver_a1_r2,Hammerhead library mouse liver biodistribution,SRS21884670,SRR29692623,590201920,10012231,Hammerhead,Biodistribution,Liver,Mus musculus,Liver,https://ftp.sra.ebi.ac.uk/vol1/fastq/SRR296/023/SRR29692623/SRR29692623.fastq.gz,8761c8508c0a34a5502c561759b6c921,483793613,organ,Liver,1.0,2,,10012231,6147726,2489079,0.6140215901930349,0.40487799879174835
SRX25195563,hammerhead_Liver_a1_r3,Hammerhead library mouse liver biodistribution,SRS21884670,SRR29692622,527298311,8969785,Hammerhead,Biodistribution,Liver,Mus musculus,Liver,https://ftp.sra.ebi.ac.uk/vol1/fastq/SRR296/022/SRR29692622/SRR29692622.fastq.gz,09cccd2305240e8480037183db621005,431866619,organ,Liver,1.0,3,,8969785,5541766,2244895,0.6178259568094442,0.40508657348578053
SRX25195564,hammerhead_Liver_a2_r1,Hammerhead library mouse liver biodistribution,SRS21884670,SRR29692621,536727091,8988849,Hammerhead,Biodistribution,Liver,Mus musculus,Liver,https://ftp.sra.ebi.ac.uk/vol1/fastq/SRR296/021/SRR29692621/SRR29692621.fastq.gz,98167bc722a1d4d2a521d535461afc36,439008876,organ,Liver,2.0,1,,8988849,5432823,2197030,0.6043958464537562,0.4043993334588666
SRX25195565,hammerhead_Liver_a2_r2,Hammerhead library mouse liver biodistribution,SRS21884670,SRR29692620,526033394,8850793,Hammerhead,Biodistribution,Liver,Mus musculus,Liver,https://ftp.sra.ebi.ac.uk/vol1/fastq/SRR296/020/SRR29692620/SRR29692620.fastq.gz,e583e94791341312318a8d77dd9a7538,429062655,organ,Liver,2.0,2,,8850793,5426818,2194344,0.6131448334629451,0.40435186881152085
SRX25195566,hammerhead_Liver_a2_r3,Hammerhead library mouse liver biodistribution,SRS21884670,SRR29692619,473257397,8011325,Hammerhead,Biodistribution,Liver,Mus musculus,Liver,https://ftp.sra.ebi.ac.uk/vol1/fastq/SRR296/019/SRR29692619/SRR29692619.fastq.gz,c6d36015085e66110421ac2f805de513,385130319,organ,Liver,2.0,3,,8011325,4989770,2015554,0.622839542772263,0.40393725562500876
SRX25195567,hammerhead_Liver_a3_r1,Hammerhead library mouse liver biodistribution,SRS21884670,SRR29692618,428349983,7244275,Hammerhead,Biodistribution,Liver,Mus musculus,Liver,https://ftp.sra.ebi.ac.uk/vol1/fastq/SRR296/018/SRR29692618/SRR29692618.fastq.gz,6afcb9335d364161009fe2e27e508181,345041811,organ,Liver,3.0,1,,7244275,4519958,1831150,0.6239351763979142,0.4051254458559128
SRX25195568,hammerhead_Liver_a3_r2,Hammerhead library mouse liver biodistribution,SRS21884670,SRR29692617,111124953,1867965,Hammerhead,Biodistribution,Liver,Mus musculus,Liver,https://ftp.sra.ebi.ac.uk/vol1/fastq/SRR296/017/SRR29692617/SRR29692617.fastq.gz,31192fdbe22dcd55673a209fd393866d,90107011,organ,Liver,3.0,2,,1867965,1161046,471350,0.6215566137481162,0.4059701338276003
SRX25195570,hammerhead_Liver_a3_r3,Hammerhead library mouse liver biodistribution,SRS21884670,SRR29692615,119953084,2020796,Hammerhead,Biodistribution,Liver,Mus musculus,Liver,https://ftp.sra.ebi.ac.uk/vol1/fastq/SRR296/015/SRR29692615/SRR29692615.fastq.gz,4f0e45d9a0b5eedc15aab948c57fc88b,97091429,organ,Liver,3.0,3,,2020796,1261728,511280,0.624371782208595,0.40522204468792006
SRX25195571,hammerhead_Liver_a4_r1,Hammerhead library mouse liver biodistribution,SRS21884670,SRR29692614,583388799,9819836,Hammerhead,Biodistribution,Liver,Mus musculus,Liver,https://ftp.sra.ebi.ac.uk/vol1/fastq/SRR296/014/SRR29692614/SRR29692614.fastq.gz,b4ad4f50c82e040e9dff88eb52979f8e,468925554,organ,Liver,4.0,1,,9819836,6077988,2459429,0.618950051711658,0.4046452543177117
SRX25195572,hammerhead_Liver_a4_r2,Hammerhead library mouse liver biodistribution,SRS21884670,SRR29692518,330262995,5571181,Hammerhead,Biodistribution,Liver,Mus musculus,Liver,https://ftp.sra.ebi.ac.uk/vol1/fastq/SRR296/018/SRR29692518/SRR29692518.fastq.gz,44946ccec51806a7f1a0728dfcba955e,266074030,organ,Liver,4.0,2,,5571181,3469630,1401869,0.622781776431245,0.4040399120367301
SRX25195669,hammerhead_Liver_a4_r3,Hammerhead library mouse liver biodistribution,SRS21884670,SRR29692517,630071690,10550752,Hammerhead,Biodistribution,Liver,Mus musculus,Liver,https://ftp.sra.ebi.ac.uk/vol1/fastq/SRR296/017/SRR29692517/SRR29692517.fastq.gz,8155cb7f6a9be0116557b344ea52f751,499199861,organ,Liver,4.0,3,,10550752,6438914,2609703,0.6102801013614954,0.40530173255924834
SRX25195598,hammerhead_SpinalCord_a1_r1,Hammerhead library mouse spinal cord biodistributiobn,SRS21884674,SRR29692588,211081225,3358864,Hammerhead,Biodistribution,Spinal cord,Mus musculus,Spinal cord,https://ftp.sra.ebi.ac.uk/vol1/fastq/SRR296/088/SRR29692588/SRR29692588.fastq.gz,f4517d6b95ef043478a68f17ca92d0dd,178920613,organ,Spinal cord,1.0,1,,3358864,1959320,790433,0.5833281728584426,0.40342210562848335
SRX25195599,hammerhead_SpinalCord_a1_r2,Hammerhead library mouse spinal cord biodistributiobn,SRS21884674,SRR29692587,257692062,4127521,Hammerhead,Biodistribution,Spinal cord,Mus musculus,Spinal cord,https://ftp.sra.ebi.ac.uk/vol1/fastq/SRR296/087/SRR29692587/SRR29692587.fastq.gz,c4762bdd70685817342f116604b6ee4f,215560784,organ,Spinal cord,1.0,2,,4127521,2429807,968929,0.5886843458821893,0.39876788567980914
SRX25195600,hammerhead_SpinalCord_a1_r3,Hammerhead library mouse spinal cord biodistributiobn,SRS21884674,SRR29692586,111186595,1787085,Hammerhead,Biodistribution,Spinal cord,Mus musculus,Spinal cord,https://ftp.sra.ebi.ac.uk/vol1/fastq/SRR296/086/SRR29692586/SRR29692586.fastq.gz,d9bbf63bf1c40b8d7cfdb17f7aa1ea3a,92386737,organ,Spinal cord,1.0,3,,1787085,1054437,419561,0.5900318115814301,0.3979004909729078
SRX25195601,hammerhead_SpinalCord_a2_r1,Hammerhead library mouse spinal cord biodistributiobn,SRS21884674,SRR29692585,260707964,4210390,Hammerhead,Biodistribution,Spinal cord,Mus musculus,Spinal cord,https://ftp.sra.ebi.ac.uk/vol1/fastq/SRR296/085/SRR29692585/SRR29692585.fastq.gz,fb7218931d5fbbffcf95e12b1a81645f,213183399,organ,Spinal cord,2.0,1,,4210390,2487310,1008019,0.5907552507012415,0.4052647237376925
SRX25195602,hammerhead_SpinalCord_a2_r2,Hammerhead library mouse spinal cord biodistributiobn,SRS21884674,SRR29692584,279012975,4407374,Hammerhead,Biodistribution,Spinal cord,Mus musculus,Spinal cord,https://ftp.sra.ebi.ac.uk/vol1/fastq/SRR296/084/SRR29692584/SRR29692584.fastq.gz,fb700ceb4bb7bcee4e7ea0b576b8112b,227002700,organ,Spinal cord,2.0,2,,4407374,2571839,1027508,0.583530918864612,0.39952267618618426
SRX25195603,hammerhead_SpinalCord_a2_r3,Hammerhead library mouse spinal cord biodistributiobn,SRS21884674,SRR29692583,204858070,3193319,Hammerhead,Biodistribution,Spinal cord,Mus musculus,Spinal cord,https://ftp.sra.ebi.ac.uk/vol1/fastq/SRR296/083/SRR29692583/SRR29692583.fastq.gz,541274da8db54f97eadd1465dffa7d30,165446423,organ,Spinal cord,2.0,3,,3193319,1823746,733939,0.5711130018642047,0.40243487854120036
SRX25195604,hammerhead_SpinalCord_a3_r1,Hammerhead library mouse spinal cord biodistributiobn,SRS21884674,SRR29692582,176196482,2779944,Hammerhead,Biodistribution,Spinal cord,Mus musculus,Spinal cord,https://ftp.sra.ebi.ac.uk/vol1/fastq/SRR296/082/SRR29692582/SRR29692582.fastq.gz,0f9731415796b434817ac90e431f4ffa,140062445,organ,Spinal cord,3.0,1,,2779944,1645118,654368,0.591780985516255,0.3977635646804667
SRX25195605,hammerhead_SpinalCord_a3_r2,Hammerhead library mouse spinal cord biodistributiobn,SRS21884674,SRR29692581,161202394,2525917,Hammerhead,Biodistribution,Spinal cord,Mus musculus,Spinal cord,https://ftp.sra.ebi.ac.uk/vol1/fastq/SRR296/081/SRR29692581/SRR29692581.fastq.gz,14231ac7d63b6ba9445d0ee15b422c80,126928377,organ,Spinal cord,3.0,2,,2525917,1560516,611418,0.6178017725839764,0.3918050183400875
SRX25195607,hammerhead_SpinalCord_a3_r3,Hammerhead library mouse spinal cord biodistributiobn,SRS21884674,SRR29692579,192850861,3067292,Hammerhead,Biodistribution,Spinal cord,Mus musculus,Spinal cord,https://ftp.sra.ebi.ac.uk/vol1/fastq/SRR296/079/SRR29692579/SRR29692579.fastq.gz,c8c3c44ac0250675dfc8c5ce613ab5aa,163412281,organ,Spinal cord,3.0,3,,3067292,1785036,701336,0.5819582876361299,0.3928973981477124
SRX25195608,hammerhead_SpinalCord_a4_r1,Hammerhead library mouse spinal cord biodistributiobn,SRS21884674,SRR29692578,252785813,4046360,Hammerhead,Biodistribution,Spinal cord,Mus musculus,Spinal cord,https://ftp.sra.ebi.ac.uk/vol1/fastq/SRR296/078/SRR29692578/SRR29692578.fastq.gz,cac26478b5703a89b87b0eca2010228b,211729058,organ,Spinal cord,4.0,1,,4046360,2375483,955903,0.5870666475548394,0.402403637491828
SRX25195609,hammerhead_SpinalCord_a4_r2,Hammerhead library mouse spinal cord biodistributiobn,SRS21884674,SRR29692577,287885967,4624593,Hammerhead,Biodistribution,Spinal cord,Mus musculus,Spinal cord,https://ftp.sra.ebi.ac.uk/vol1/fastq/SRR296/077/SRR29692577/SRR29692577.fastq.gz,21693f34d9c9c0cd43f5522d9d75bedc,238479519,organ,Spinal cord,4.0,2,,4624593,2700718,1085257,0.5839904181838272,0.40184017731581007
SRX25195610,hammerhead_SpinalCord_a4_r3,Hammerhead library mouse spinal cord biodistributiobn,SRS21884674,SRR29692576,505827290,8172607,Hammerhead,Biodistribution,Spinal cord,Mus musculus,Spinal cord,https://ftp.sra.ebi.ac.uk/vol1/fastq/SRR296/076/SRR29692576/SRR29692576.fastq.gz,a72cd3d0516114636a6ad3ab8de87f12,412170767,organ,Spinal cord,4.0,3,,8172607,4798657,1948082,0.587163557479272,0.4059640020113961
SRX25195489,hammerhead_starter_virus_prod2_1,Hammerhead library production round 2 virus DNA,SRS21884658,SRR29692427,426493051,8124698,Hammerhead,Virus DNA,missing,Homo sapiens HEK293 cells,Virus reference,https://ftp.sra.ebi.ac.uk/vol1/fastq/SRR296/027/SRR29692427/SRR29692427.fastq.gz,278422eac1adb7ea83b0471b45ab292e,332877336,virus,Virus DNA,,1,2.0,8124698,6385250,2583771,0.7859061346034031,0.40464680317920204
SRX25195490,hammerhead_starter_virus_prod2_2,Hammerhead library production round 2 virus DNA,SRS21884658,SRR29692426,403174887,7709092,Hammerhead,Virus DNA,missing,Homo sapiens HEK293 cells,Virus reference,https://ftp.sra.ebi.ac.uk/vol1/fastq/SRR296/026/SRR29692426/SRR29692426.fastq.gz,9bb53c8da050a15270296c518da930f3,313971799,virus,Virus DNA,,2,2.0,7709092,6100458,2466731,0.7913328833019505,0.40435177162108155
SRX25195491,hammerhead_starter_virus_prod2_3,Hammerhead library production round 2 virus DNA,SRS21884658,SRR29692425,420675790,7975016,Hammerhead,Virus DNA,missing,Homo sapiens HEK293 cells,Virus reference,https://ftp.sra.ebi.ac.uk/vol1/fastq/SRR296/025/SRR29692425/SRR29692425.fastq.gz,bab277ffff82553ec2ef0d551efc775c,329453084,virus,Virus DNA,,3,2.0,7975016,6223597,2517167,0.7803867728917409,0.4044553334671252
