AA,log2enr_whitelist__brain_animals_1_3__over__virus_prod2,log2enr_whitelist__spinal_cord_animals_1_3__over__virus_prod2,log2enr_whitelist__liver_animals_1_3__over__virus_prod2,log2enr_whitelist__heart_animals_1_3__over__virus_prod2,log2enr_whitelist__kidney_animals_1_3__over__virus_prod2,Production2,empirical_cns,empirical_liver,control_group,control_axis,variant_id,pred_pack,pred_pack_lcb,pred_brain_mouse,uncertainty_brain_mouse,pred_spinal_cord_mouse,uncertainty_spinal_cord_mouse,pred_liver_mouse,uncertainty_liver_mouse,pred_heart_mouse,uncertainty_heart_mouse,pred_kidney_mouse,uncertainty_kidney_mouse,organ_uncertainty_mean,passes_packaging_gate,f_cns,f_liv,f_off,display_score,log2_specificity,specificity_index,is_pareto,passes_packaging_point_gate,audit_role
AGEFAPI,0.5412091675576062,0.6500380835984244,-5.223457016028783,0.0050828628431761,-0.7470890195130508,-0.5605173,0.5956236255780153,-5.223457016028783,cns_high_liver_low,5.819080641606798,CTRL_073,-1.5698864,-4.120265,-0.26615208,0.178974,0.0064785792,0.13789952,-1.6222817,0.3283472,-0.10610652,0.076823354,-0.13973166,0.13055654,0.17052013,False,-0.12983675,-1.6222817,-0.12291909,0.5339558,1.4924449,2.813654,False,False,in_sample_directionality_control
AQGEIAT,0.5022753115540747,0.348318688371393,-5.5500400199174615,-0.4689838706224219,-2.239063156321921,-0.033327382,0.42529699996273385,-5.5500400199174615,cns_high_liver_low,5.975337019880195,CTRL_063,-1.0200242,-3.570403,0.34347695,0.09754355,0.56430453,0.07721388,-3.6342397,0.1860613,0.0070525617,0.04494062,-1.2297179,0.13247803,0.10764748,False,0.45389074,-3.6342397,-0.61133265,1.5985012,4.0881305,17.00787,False,False,in_sample_directionality_control
ARDSNDA,0.1985006237001309,0.1850590432044164,-5.6436834369660485,-0.291704668787599,-1.634708317711008,-0.028484035,0.19177983345227367,-5.6436834369660485,cns_high_liver_low,5.835463270418322,CTRL_071,0.3024075,-2.2479713,0.32918692,0.026361508,0.4894755,0.06763934,-3.1142552,0.14662126,-0.0060116737,0.05851083,-1.2251724,0.08524064,0.07687472,False,0.4093312,-3.1142552,-0.61559206,1.3973067,3.5235863,11.500194,False,True,in_sample_directionality_control
ASETEQR,0.6528150472280044,0.9608944640372118,-5.325613761052186,0.5400102086568332,-0.5039984988690566,-0.618854,0.8068547556326081,-5.325613761052186,cns_high_liver_low,6.132468516684795,CTRL_061,-0.7305889,-3.2809677,0.3854383,0.08700954,0.5898623,0.0920737,-4.148125,0.25109723,0.038243406,0.051204808,-1.2770808,0.114164,0.119109854,False,0.48765028,-4.148125,-0.6194187,1.7951701,4.6357756,24.860365,False,True,in_sample_directionality_control
DYDGGKV,0.5613009004966271,0.5391339456617872,-5.304359442478588,-0.2644064125786189,-1.207604735575306,0.5335235,0.5502174230792072,-5.304359442478588,cns_high_liver_low,5.854576865557795,CTRL_068,-0.5488074,-3.0991862,0.24922307,0.11878781,0.44531474,0.086365275,-3.4301262,0.1905542,-0.053842615,0.065420724,-1.062092,0.06655026,0.10553565,False,0.3472689,-3.4301262,-0.5579673,1.4684086,3.777395,13.712265,False,True,in_sample_directionality_control
ELAPMVK,3.6061250828682514,3.1179831069117396,-3.4249243413865504,0.2198476442961256,-0.3767616562020699,-0.4310612,3.3620540948899955,-3.4249243413865504,cns_high_liver_low,6.786978436276546,CTRL_054,-1.2893322,-3.839711,0.27552754,0.14322728,0.5081627,0.09403011,-1.9536978,0.10184766,0.25508267,0.07575249,0.030619305,0.07808707,0.09858893,False,0.3918451,-1.9536978,0.14285098,0.8315543,2.345543,5.082516,False,False,in_sample_directionality_control
EVADRSY,0.0448207831060309,0.2654679114969498,-5.768417491249883,-0.2549525610396064,-1.7223607239528649,-0.32024112,0.15514434730149035,-5.768417491249883,cns_high_liver_low,5.9235618385513735,CTRL_065,-1.5665267,-4.116905,0.06423708,0.08749928,0.23409967,0.107790135,-2.9392877,0.3157503,-0.14227076,0.11260331,-0.8560637,0.15846497,0.1564216,False,0.14916837,-2.9392877,-0.49916723,1.19571,3.0884562,8.505855,False,False,in_sample_directionality_control
FNGTMHE,0.2375695910240421,0.3287319395035963,-5.568097698475936,0.1639464103805393,-1.5987696748544593,-0.58737236,0.2831507652638192,-5.568097698475936,cns_high_liver_low,5.851248463739755,CTRL_070,-0.3253026,-2.8756814,0.1765438,0.061456658,0.24888237,0.049538925,-2.598571,0.13924122,-0.11705507,0.031565327,-0.912568,0.10070547,0.076501526,False,0.2127131,-2.598571,-0.5148115,1.108183,2.811284,7.01909,False,True,in_sample_directionality_control
GNGGDEH,0.0542111318998751,-0.0537298373579799,-6.3494990817277435,-0.4505506419719827,-1.7963548303383494,-0.27635756,0.00024064727094760124,-6.3494990817277435,cns_high_liver_low,6.349739728998691,CTRL_057,-0.11321831,-2.663597,0.068957075,0.076648496,0.26544467,0.048393007,-4.183837,0.040456828,-0.33656833,0.028956404,-1.5525802,0.042495694,0.047390085,False,0.16720086,-4.183837,-0.9445743,1.7284982,4.351038,20.407648,False,True,in_sample_directionality_control
IANTDPN,0.664624493971082,0.4903075242791972,-6.926607985326616,0.3528129851546178,-1.009491057598905,-0.46032602,0.5774660091251396,-6.926607985326616,cns_high_liver_low,7.504073994451755,CTRL_051,-1.0783153,-3.628694,0.03391592,0.13025214,0.22648153,0.08551059,-2.7168903,0.07272881,-0.114101514,0.06843175,-0.95506096,0.07608143,0.086600944,False,0.13019872,-2.7168903,-0.53458124,1.1164172,2.847089,7.195471,False,False,in_sample_directionality_control
IVESQYT,0.9206566153666824,0.8876508263301884,-5.70348272806647,0.0425057966102108,-1.1002678072653955,-0.60773975,0.9041537208484354,-5.70348272806647,cns_high_liver_low,6.6076364489149055,CTRL_055,-1.9669428,-4.5173216,0.14257242,0.051584862,0.3774248,0.05101779,-2.8619952,0.10491582,0.0474142,0.017680766,-0.6638113,0.08653958,0.062347762,False,0.25999862,-2.8619952,-0.30819857,1.1803373,3.1219938,8.705902,False,False,in_sample_directionality_control
KINNWHE,6.467945318167372,4.991854876764526,-0.3232949923487876,-0.2656766265081561,0.0876461997871425,-0.30147922,5.729900097465949,-0.3232949923487876,cns_high_liver_low,6.053195089814737,CTRL_062,-1.0559527,-3.6063313,-0.8432849,0.09324509,-0.7132522,0.10761641,-0.24139819,0.21183929,-0.27673358,0.075843595,0.38018245,0.09869571,0.11744802,False,-0.7782686,-0.24139819,0.051724434,-0.2760764,-0.53687036,0.68926454,False,False,in_sample_directionality_control
NDPGHAD,-0.2263289129605963,0.0925572874152907,-6.2831802265574845,-0.596210231942405,-1.345133634878883,0.0064057508,-0.06688581277265279,-6.2831802265574845,cns_high_liver_low,6.216294413784832,CTRL_060,-0.23557067,-2.7859495,0.09990133,0.052294105,0.2770102,0.025969898,-2.7659261,0.14954518,-0.13711691,0.031559743,-0.89641446,0.051898226,0.062253427,False,0.18845576,-2.7659261,-0.5167657,1.1562324,2.954382,7.750997,False,True,in_sample_directionality_control
NDSDQQQ,0.2803102481169406,-0.1417340584187238,-6.980716926336315,-0.711137914988642,-1.1810225283889717,-0.34098336,0.0692880948491084,-6.980716926336315,cns_high_liver_low,7.050005021185424,CTRL_052,-1.5410464,-4.091425,-0.0117420675,0.12565973,0.24655423,0.111079715,-4.297749,0.10889929,-0.3348448,0.12282235,-1.6520077,0.10322544,0.1143373,False,0.11740608,-4.297749,-0.99342626,1.7557302,4.415155,21.33507,False,False,in_sample_directionality_control
NEHDAQV,0.835797453579067,0.5717920982179123,-5.12151258827427,0.2560969226380477,-1.603112428557347,-0.41618443,0.7037947758984897,-5.12151258827427,cns_high_liver_low,5.82530736417276,CTRL_072,-0.6260239,-3.1764026,0.17640881,0.081783034,0.41791096,0.078273214,-3.891419,0.024474295,-0.12930533,0.08272696,-1.2634016,0.085885845,0.07062867,False,0.29715988,-3.891419,-0.6963535,1.6349893,4.1885786,18.234245,False,True,in_sample_directionality_control
NQQENQV,0.1012472633848141,0.2288088059679425,-5.63165463651556,-0.1451032042947689,-0.9914437131709332,-0.33894,0.1650280346763783,-5.63165463651556,cns_high_liver_low,5.796682671191939,CTRL_074,-0.2392304,-2.7896092,0.29832953,0.04040982,0.5097045,0.05463157,-4.042785,0.07924729,-0.06919496,0.07536728,-1.5527035,0.08005604,0.0659424,False,0.404017,-4.042785,-0.8109492,1.7589723,4.446802,21.80825,False,True,in_sample_directionality_control
PNTDGPN,0.783306743859621,0.613541865185673,-5.179800927767088,0.1201037212147218,-1.324182487935842,-0.111475326,0.698424304522647,-5.179800927767088,cns_high_liver_low,5.8782252322897355,CTRL_067,-1.0401313,-3.5905101,0.13412955,0.096106336,0.36247498,0.07219184,-3.319881,0.11138088,-0.10237344,0.07696887,-1.1747808,0.07106082,0.08554175,False,0.24830227,-3.319881,-0.63857716,1.4014099,3.5681832,11.861242,False,False,in_sample_directionality_control
PVGNEDI,0.4762314772633405,0.626635131945873,-5.403645233287346,-0.0209431673795893,-1.2664196917471011,-0.60444576,0.5514333046046067,-5.403645233287346,cns_high_liver_low,5.955078537891953,CTRL_064,-1.0710531,-3.6214318,0.33263642,0.04400095,0.53664935,0.03355665,-3.5180697,0.08952196,0.049888067,0.060625255,-1.0014768,0.04498201,0.054537367,False,0.43464288,-3.5180697,-0.47579435,1.5220726,3.9527125,15.484067,False,False,in_sample_directionality_control
STQESHD,-0.5771180874614623,-0.1454165518963015,-6.938261747076078,-0.5880588929796144,-1.8437559766964016,-0.44193226,-0.3612673196788819,-6.938261747076078,cns_high_liver_low,6.576994427397196,CTRL_056,-0.5286195,-3.0789983,0.12509897,0.05703071,0.34738755,0.058533814,-3.6748664,0.22084077,-0.13829486,0.04447462,-1.3015828,0.13014676,0.102205336,False,0.23624326,-3.6748664,-0.7199388,1.5365005,3.9111097,15.043931,False,True,in_sample_directionality_control
TNEDKGL,0.4609536259507237,0.391182839185764,-5.426587433770326,0.2485751812115825,-1.0429838139871137,-0.5563148,0.4260682325682439,-5.426587433770326,cns_high_liver_low,5.85265566633857,CTRL_069,-0.15958405,-2.7099628,0.36012647,0.115358554,0.5581862,0.0743564,-3.8359535,0.11884329,0.0046294243,0.060515724,-1.260797,0.05688368,0.08519153,False,0.45915633,-3.8359535,-0.6280838,1.6748208,4.2951097,19.631653,False,True,in_sample_directionality_control
VDAEHKT,-0.2281691485736621,-0.4834372663037584,-6.253022574780913,-0.816276150793992,-1.9122814513094173,-0.4173727,-0.35580320743871025,-6.253022574780913,cns_high_liver_low,5.897219367342203,CTRL_066,-0.76731396,-3.3176928,0.36146197,0.09546039,0.53904855,0.06433165,-3.7366054,0.10338688,0.0026985377,0.03088275,-1.2291467,0.05140178,0.06909269,False,0.45025527,-3.7366054,-0.6132241,1.6330715,4.1868606,18.212543,False,True,in_sample_directionality_control
VLSDSTP,0.1479492224396768,0.1485069564664975,-6.086465661263823,-0.3862457131616668,-0.9056762927165332,-0.5689355,0.14822808945308713,-6.086465661263823,cns_high_liver_low,6.23469375071691,CTRL_059,-0.28627563,-2.8366544,0.2557354,0.050611254,0.45281166,0.030396698,-3.3177974,0.17119944,0.0015366524,0.043926883,-1.1081393,0.06877225,0.07298131,False,0.35427353,-3.3177974,-0.55330133,1.4313126,3.672071,12.746869,False,True,in_sample_directionality_control
WKVDGGY,5.7278319553417845,4.995061481234372,-1.4653347760819873,0.3697313917414273,0.0108830627872319,0.56383175,5.361446718288079,-1.4653347760819873,cns_high_liver_low,6.826781494370066,CTRL_053,-1.1515783,-3.7019572,-0.22469059,0.18096669,0.004611516,0.15112023,-0.6895655,0.23187697,-0.006750715,0.119807355,0.28231817,0.17171425,0.1710971,False,-0.11003953,-0.6895655,0.13778374,0.16427338,0.57952595,1.4943582,False,False,in_sample_directionality_control
YHGENEH,0.1751192214943634,0.2516208169615316,-5.576687435377539,-0.287200482582779,-1.529257315909461,0.078486875,0.21337001922794752,-5.576687435377539,cns_high_liver_low,5.790057454605487,CTRL_075,-0.6873988,-3.2377777,-0.056199174,0.1948297,0.10547297,0.18349774,-3.537101,0.14062355,-0.34418184,0.16160128,-1.2629387,0.11460591,0.15903163,False,0.024636896,-3.537101,-0.80356026,1.409784,3.561738,11.808371,False,True,in_sample_directionality_control
YTHEIDH,-0.5027579314188622,0.1747765909953211,-6.408804512588604,-0.25016674572588,-1.8937284373012817,0.7752613,-0.16399067021177052,-6.408804512588604,cns_high_liver_low,6.244813842376834,CTRL_058,-1.5696424,-4.1200213,0.08624769,0.117972024,0.28104728,0.09664921,-2.7692478,0.19175325,-0.10237356,0.07127983,-0.74863654,0.06466974,0.108464815,False,0.18364748,-2.7692478,-0.42550504,1.1369791,2.9528952,7.7430134,False,False,in_sample_directionality_control
AEPKMAF,-0.4444119117256945,-0.2982750695572327,-0.5250079371115816,-0.0160710532421731,0.5460937021088315,5.3312535,-0.3713434906414636,-0.5250079371115816,high_packaging,,CTRL_033,-0.69111884,-3.2414975,0.05877381,0.070098504,0.28035426,0.041832574,-0.9264642,0.16139884,0.2169565,0.034180146,0.23274198,0.112398736,0.08398176,False,0.16956404,-0.9264642,0.22484924,0.35559642,1.0960282,2.1376538,False,True,in_sample_directionality_control
AKQMDLT,0.5477318212191832,0.7151712426845268,-2.794598715223126,0.2041103644623022,-0.9780523992298924,5.5208526,0.631451531951855,-2.794598715223126,high_packaging,,CTRL_029,-1.2956532,-3.8460321,0.34587556,0.07002048,0.5250223,0.07195758,-1.8552845,0.15419424,0.21025407,0.11002916,-0.3822171,0.09425806,0.1000919,False,0.43544894,-1.8552845,-0.08598152,0.86249787,2.2907333,4.893048,False,False,in_sample_directionality_control
EMKGLSL,0.6848188926141844,0.7687153260995704,-2.289800962892522,0.384448439719303,-0.2049712725172984,5.901779,0.7267671093568774,-2.289800962892522,high_packaging,,CTRL_026,-0.642434,-3.192813,0.36649704,0.066683486,0.53309387,0.044639725,-1.8598276,0.19347945,0.2187263,0.03967472,-0.289903,0.15080127,0.09905573,False,0.44979545,-1.8598276,-0.035588354,0.8604653,2.309623,4.9575353,False,True,in_sample_directionality_control
FAGKSTA,0.0607861751141103,-0.0693614618267181,0.5722500089448082,0.0416191390847754,0.1068117152054699,4.577453,-0.004287643356303897,0.5722500089448082,high_packaging,,CTRL_049,1.3965769,-1.1538019,0.06272386,0.08079763,0.0056138365,0.11115875,0.5062145,0.07214359,0.101580836,0.07890269,-0.0198596,0.051227935,0.07884611,False,0.034168847,0.5062145,0.040860616,-0.16997121,-0.47204566,0.7209416,False,True,in_sample_directionality_control
GESRIPP,-0.5698581710687812,-0.240264817639374,-0.0059786307736403,-0.2387441928647485,0.46984376172697,4.831857,-0.4050614943540776,-0.0059786307736403,high_packaging,,CTRL_039,0.1304605,-2.4199183,0.012886566,0.032772698,0.12286122,0.04465281,-1.3487815,0.15708719,0.00018510967,0.057912774,-0.3759289,0.056489628,0.06978302,False,0.067873895,-1.3487815,-0.1878719,0.5401912,1.4166553,2.6696587,False,True,in_sample_directionality_control
GNQVKGG,2.858977328803133,1.4447535068355457,1.0830948706510233,-0.4820863820297872,0.3041666230890927,5.723474,2.1518654178193395,1.0830948706510233,high_packaging,,CTRL_027,1.6071384,-0.9432404,0.11734782,0.07796461,0.004163629,0.061883494,0.39968005,0.12024184,0.0070846826,0.047565702,-0.14015839,0.07655183,0.076841496,False,0.060755726,0.39968005,-0.06653685,-0.09924057,-0.33892432,0.7906306,False,True,in_sample_directionality_control
GNSVKNG,3.237000036188142,1.7697759439952323,1.0695484416563763,-0.1056485052910686,0.6533730409295354,4.8024464,2.503387990091687,1.0695484416563763,high_packaging,,CTRL_042,1.5679762,-0.98240256,-0.15717506,0.14025398,-0.22365935,0.08196436,0.7186996,0.12373472,-0.11312266,0.064438574,-0.06491691,0.08208837,0.098496005,False,-0.1904172,0.7186996,-0.08901978,-0.3194286,-0.90911674,0.532511,False,True,in_sample_directionality_control
HAAKAMI,0.6972187741490302,0.5956970349608239,0.3419478656842854,0.6499063661907818,0.7322115785737453,4.912487,0.646457904554927,0.3419478656842854,high_packaging,,CTRL_037,0.38536096,-2.1650178,0.18351616,0.12810491,0.22559766,0.112191215,0.4310444,0.12850241,0.4686307,0.0654391,0.69484764,0.08231472,0.10331048,False,0.20455691,0.4310444,0.5817392,-0.17516278,-0.22648749,0.8547133,False,True,in_sample_directionality_control
HKPMEFT,-1.6543139310232968,-0.9770739079149596,0.3280092519758613,-0.7691909546759529,0.4764648185896016,4.6508965,-1.3156939194691282,0.3280092519758613,high_packaging,,CTRL_047,-1.3929629,-3.9433417,-1.086323,0.18134367,-0.63410115,0.15579765,0.08790608,0.10238015,-0.50278485,0.12136353,0.34493637,0.13308355,0.1387937,False,-0.8602121,0.08790608,-0.07892424,-0.40207767,-0.94811815,0.5183081,False,False,in_sample_directionality_control
KFNSSNP,-0.1361121363228281,-0.3386495652641366,0.7585699256246371,0.048970896384119,-0.2139953721459502,5.3443103,-0.23738085079348234,0.7585699256246371,high_packaging,,CTRL_032,0.75994444,-1.7904344,-0.06827892,0.12391923,-0.13956356,0.0919061,0.48208857,0.29732692,0.1283662,0.07868091,0.030762384,0.101702586,0.13870715,False,-0.10392124,0.48208857,0.079564296,-0.2314084,-0.5860098,0.6661829,False,True,in_sample_directionality_control
KYPTQTG,-0.4908785582703021,-0.738189657132772,0.6454770624839904,0.1686402062172396,0.1931416136152142,4.627922,-0.614534107701537,0.6454770624839904,high_packaging,,CTRL_048,0.62389374,-1.9264851,-0.64775944,0.17446502,-0.5395276,0.14750682,0.7026951,0.13931063,-0.27004296,0.06281532,0.28336504,0.11474166,0.12776789,False,-0.59364355,0.7026951,0.0066610426,-0.5144151,-1.2963386,0.40715823,False,True,in_sample_directionality_control
MRSTSPG,-0.2310952565571545,-0.7342503773788067,1.019633300281884,-0.2011746789880641,-0.0461314070126623,4.963844,-0.4826728169679806,1.019633300281884,high_packaging,,CTRL_036,1.3557596,-1.1946192,-0.614526,0.11925345,-0.56854427,0.07290529,1.0227534,0.07304458,-0.24465409,0.053231057,0.20970674,0.06497759,0.07668239,False,-0.5915351,1.0227534,-0.017473675,-0.6206597,-1.6142884,0.326626,False,True,in_sample_directionality_control
NNHTKGV,2.7430288367968596,1.314309786773479,1.1055822847381325,-0.5723227952744286,0.5207838736150363,4.766892,2.028669311785169,1.1055822847381325,high_packaging,,CTRL_043,1.2091391,-1.3412397,0.34480533,0.15036309,0.25584468,0.11321965,0.15506443,0.14323425,0.25135654,0.09330448,-0.077059224,0.102926575,0.120609604,False,0.300325,0.15506443,0.08714866,0.063443966,0.14526057,1.1059303,False,True,in_sample_directionality_control
NNSIKSQ,2.6800182425221717,1.2774044388621757,1.2293530989742671,-0.4723886518830715,0.4757727939185183,4.910862,1.9787113406921737,1.2293530989742671,high_packaging,,CTRL_038,-0.21660948,-2.7669883,0.13326666,0.15696478,0.068541445,0.11045061,0.435764,0.21427964,0.1201751,0.09672112,0.04835973,0.08615724,0.13291469,False,0.10090405,0.435764,0.084267415,-0.12396407,-0.33485997,0.7928611,False,True,in_sample_directionality_control
QKREMNI,-0.5759877974654989,-0.3471535771520262,1.280239389711492,-0.0051613857619331,0.3685917436362832,4.8304124,-0.46157068730876255,1.280239389711492,high_packaging,,CTRL_040,0.575207,-1.9751718,-0.3810603,0.13628891,-0.2690817,0.072240755,0.8683008,0.20669556,0.02679773,0.11020022,0.37875,0.10458809,0.1260027,False,-0.325071,0.8683008,0.20277387,-0.49074197,-1.1933718,0.43727967,False,True,in_sample_directionality_control
QTKLPFL,-1.057804099631587,-0.653585811103906,0.8417457507509135,-0.1385726627358254,1.2456083152377224,5.4197445,-0.8556949553677464,0.8417457507509135,high_packaging,,CTRL_031,-1.3237572,-3.874136,-0.6879946,0.09150305,-0.41493616,0.0861958,0.5674833,0.17640568,0.23013131,0.071137145,1.1657056,0.11736631,0.108521596,False,-0.5514654,0.5674833,0.6979184,-0.5863623,-1.1189487,0.46042922,False,False,in_sample_directionality_control
RGQQNMV,0.3342667619612186,0.182394958647173,0.3485856591617607,0.2584073374020693,0.1261403880249829,4.670812,0.2583308603041958,0.3485856591617607,high_packaging,,CTRL_046,0.6559558,-1.894423,0.042635057,0.079548135,-0.022910902,0.10718925,0.2197363,0.07243289,0.2536683,0.03973067,0.12156048,0.040325936,0.06784538,False,0.009862077,0.2197363,0.1876144,-0.10999265,-0.20987421,0.86461264,False,True,in_sample_directionality_control
RNNHANP,-0.3815563414749403,-0.4328069598291002,0.4390139874873988,0.0499047444142955,-0.1652999795234348,4.5667543,-0.4071816506520203,0.4390139874873988,high_packaging,,CTRL_050,1.3054802,-1.2448986,-0.26525944,0.115113854,-0.39241672,0.122434475,0.68145,0.15684378,-0.013187674,0.11396162,-0.14259422,0.07688964,0.117048666,False,-0.32883808,0.68145,-0.07789095,-0.37090644,-1.0102881,0.4964471,False,True,in_sample_directionality_control
RSPAMSG,-0.4279441384892704,-0.590162328471378,0.7805071735049035,-0.0805756331655398,0.3372320569271868,5.019284,-0.5090532334803242,0.7805071735049035,high_packaging,,CTRL_035,1.0639555,-1.4864233,-0.57829463,0.124269985,-0.5048182,0.08622705,0.8245867,0.10933237,-0.22749762,0.093592286,0.21129945,0.057169568,0.09411825,False,-0.5415564,0.8245867,-0.008099087,-0.5306859,-1.3661431,0.38792694,False,True,in_sample_directionality_control
SNSTKSA,2.8344642144197545,1.3669942386021303,1.2448273502976792,-0.4789263480077082,0.7048732220381951,5.210849,2.1007292265109423,1.2448273502976792,high_packaging,,CTRL_034,1.5508962,-0.99948263,0.20481706,0.08219549,0.079954766,0.075079665,0.4411253,0.11560216,0.10412071,0.062111653,-0.32082313,0.055489983,0.078095786,False,0.14238591,0.4411253,-0.108351216,-0.06864995,-0.29873937,0.8129625,False,True,in_sample_directionality_control
STHKALI,0.6519980251335354,0.5743896347792706,0.2649315358697534,0.7578715042429834,0.6957920035334563,4.82298,0.613193829956403,0.2649315358697534,high_packaging,,CTRL_041,0.3504424,-2.1999364,0.14654258,0.11758997,0.24622715,0.11112393,0.31204185,0.15150629,0.4978941,0.10168876,0.71651924,0.07477938,0.11133766,False,0.19638486,0.31204185,0.6072067,-0.14228281,-0.11565699,0.9229619,False,True,in_sample_directionality_control
TGGKMDF,0.4705944859191219,0.5312309523852234,-1.157039486125163,0.1144862622065936,-0.5033715534521397,5.4880137,0.5009127191521727,-1.157039486125163,high_packaging,,CTRL_030,0.0745883,-2.4757905,-0.049335428,0.17527857,0.14008082,0.11736546,-0.96590483,0.20667897,-0.039243974,0.09942181,-0.15319881,0.10247235,0.14024344,False,0.0453727,-0.96590483,-0.09622139,0.3777287,1.0112776,2.0156953,False,True,in_sample_directionality_control
TNSTKGA,2.7433464017080187,1.3631544563066875,1.1085798397398854,-0.5104676458168986,0.6241367904601985,5.661134,2.053250429007353,1.1085798397398854,high_packaging,,CTRL_028,1.7311869,-0.81919193,0.14595696,0.06064054,0.028798139,0.04797525,0.38291317,0.07480284,0.042054094,0.052035645,-0.3643039,0.0855175,0.06419436,False,0.08737755,0.38291317,-0.1611249,-0.06247474,-0.29553562,0.8147698,False,True,in_sample_directionality_control
TPGAAKA,-0.1138903172451952,-0.3280012182706631,0.5011023755662977,-0.1000874454986562,-0.491085596465001,4.7470703,-0.22094576775792915,0.5011023755662977,high_packaging,,CTRL_044,1.8835092,-0.66686964,-0.054517854,0.11617819,-0.038886286,0.08110112,0.30910775,0.1821359,0.026775826,0.04015012,-0.21492033,0.054850295,0.09488312,True,-0.046702072,0.30910775,-0.09407225,-0.110389195,-0.3558098,0.7814309,True,True,in_sample_directionality_control
YKTMGGH,-0.3499875833026749,-0.436811760360803,0.7764242397072341,0.2377341873208262,0.6223644771232657,4.7042027,-0.39339967183173896,0.7764242397072341,high_packaging,,CTRL_045,0.14785767,-2.4025211,0.039253525,0.14366487,-0.0045305816,0.10694167,0.5035022,0.16650997,0.23517998,0.06352107,0.5367826,0.12677208,0.12148194,False,0.017361471,0.5035022,0.3859813,-0.24560937,-0.48614073,0.71393234,False,True,in_sample_directionality_control
AEVANKK,-5.43902441231651,-2.286103300860687,1.5759769046465948,-1.6004103070814129,-2.5739308242220487,0.4662147,-3.862563856588598,1.5759769046465948,liver_high_cns_low,5.438540761235193,CTRL_084,0.13044906,-2.4199297,-1.8994567,0.3302322,-1.0818478,0.17918651,0.5912179,0.1122266,-0.60479844,0.11218427,-0.84803283,0.123841584,0.17153424,False,-1.4906523,0.5912179,-0.72641563,-0.73243666,-2.08187,0.23620804,False,True,in_sample_directionality_control
AHNEKPR,-6.411939986339136,-2.303358915162262,1.5065337309204991,-1.3473877292099905,-1.640666302343744,1.0958974,-4.357649450750699,1.5065337309204991,liver_high_cns_low,5.864183181671199,CTRL_079,0.46489477,-2.085484,-0.5114958,0.43000892,-0.3345878,0.2703191,0.3225182,0.27147883,0.110966906,0.23595254,0.07784559,0.16396995,0.27434587,False,-0.42304182,0.3225182,0.09440625,-0.32213145,-0.74556005,0.59643626,False,True,in_sample_directionality_control
DGKRAGP,-6.430516030471709,-4.143098249394281,0.7149298959295912,-0.554235749974781,-0.0615651401693109,0.85546356,-5.286807139932995,0.7149298959295912,liver_high_cns_low,6.001737035862586,CTRL_077,1.602191,-0.9481878,-0.8345782,0.38819262,-0.62013537,0.2604328,1.0232544,0.32971683,-0.38273567,0.21792242,-0.34497505,0.1488016,0.26901326,False,-0.7273568,1.0232544,-0.36385536,-0.6126785,-1.7506112,0.29717585,False,True,in_sample_directionality_control
EGNDKKK,-6.527329977505793,-1.536380709171416,1.4783982166840468,-1.5784197376469036,-3.0365735182499063,0.11407379,-4.031855343338604,1.4783982166840468,liver_high_cns_low,5.510253560022651,CTRL_082,1.2118394,-1.3385394,-2.9434927,0.503116,-1.8349388,0.2721985,0.6844543,0.26323265,-1.3548896,0.22708184,-1.6783504,0.32504898,0.3181356,False,-2.3892157,0.6844543,-1.51662,-1.0113821,-3.07367,0.11877722,False,True,in_sample_directionality_control
EHVMGKK,-5.5838235108202925,-2.5597826085176347,1.501218817952665,-1.060874378538082,-1.6599938290351872,0.4368228,-4.071803059668964,1.501218817952665,liver_high_cns_low,5.573021877621629,CTRL_081,-0.5532901,-3.103669,-2.8063457,0.5295905,-1.7567179,0.24572212,0.8985162,0.21248297,-1.1914592,0.29322922,-0.8923939,0.40422484,0.33704993,False,-2.2815318,0.8985162,-1.0419265,-1.1327846,-3.180048,0.1103342,False,True,in_sample_directionality_control
EQQKQKM,-5.696444966377606,-1.2716272429259388,2.1272818839928327,-1.0173915394027873,-2.1996672636562953,-0.22610323,-3.4840361046517723,2.1272818839928327,liver_high_cns_low,5.611317988644605,CTRL_080,0.7733576,-1.7770212,-1.3019307,0.22236328,-0.7984452,0.14668196,0.82951176,0.20313357,-0.5456702,0.1384107,-0.8784688,0.296605,0.2014389,False,-1.050188,0.82951176,-0.7120695,-0.6204998,-1.8796997,0.27174026,False,True,in_sample_directionality_control
EQQNKKV,-5.017066907181445,-1.995570286239745,1.9618263487881664,-1.1470150187208812,-1.8953450755243355,0.80802256,-3.506318596710595,1.9618263487881664,liver_high_cns_low,5.468144945498762,CTRL_083,1.0353515,-1.5150273,-1.9587559,0.46759322,-1.2354937,0.2630126,0.9528669,0.22212888,-0.8605502,0.230721,-1.2058192,0.28943762,0.29457867,False,-1.5971248,0.9528669,-1.0331848,-0.84557265,-2.5499916,0.17075603,False,True,in_sample_directionality_control
GTEPRKN,-4.537585647210236,-1.7971628502567116,1.700596252382402,-1.18995195711837,-1.2272707911732836,0.9427885,-3.1673742487334735,1.700596252382402,liver_high_cns_low,4.867970501115876,CTRL_098,0.22247195,-2.3279068,-1.6155128,0.5972419,-1.0946987,0.36867592,0.7842046,0.17905347,-0.62303764,0.25866023,-0.76697165,0.38136035,0.35699835,False,-1.3551058,0.7842046,-0.69500464,-0.7452683,-2.1393104,0.22698827,False,True,in_sample_directionality_control
HMDGSKR,-5.213187142277738,-2.3149012714025554,1.4006037453264444,-1.9980132737035785,-1.791716354267302,0.26171133,-3.7640442068401465,1.4006037453264444,liver_high_cns_low,5.164647952166591,CTRL_087,0.57810545,-1.9722733,-1.7511944,0.39729163,-1.1172006,0.25767818,0.53661084,0.22319683,-0.58340913,0.23481587,-0.6412408,0.38076413,0.29874933,False,-1.4341974,0.53661084,-0.61232495,-0.7107376,-1.9708083,0.25511006,False,True,in_sample_directionality_control
HQRAEHK,-6.347066489704567,-3.6921339867654552,0.8461391761246154,-1.9649317663194636,-2.7659096935015564,0.58829606,-5.019600238235011,0.8461391761246154,liver_high_cns_low,5.865739414359626,CTRL_078,0.6469028,-1.903476,-2.8844337,0.3287107,-1.9822887,0.18193488,1.1437501,0.13610707,-1.1561358,0.16105218,-0.89423436,0.29784474,0.22112992,False,-2.4333613,1.1437501,-1.0251851,-1.2902881,-3.5771112,0.083788075,False,True,in_sample_directionality_control
KEAIERK,-5.081025678496782,-1.5924295917460936,1.7764023911543052,-1.3533826034996763,-1.9201059172386052,-0.22968851,-3.336727635121438,1.7764023911543052,liver_high_cns_low,5.113130026275743,CTRL_090,0.10183811,-2.4485407,-2.4402432,0.38304147,-1.4894636,0.1770168,0.8995015,0.15275735,-0.9479806,0.21221858,-0.8908292,0.34194022,0.2533949,False,-1.9648534,0.8995015,-0.91940486,-1.0151286,-2.8643548,0.13732299,False,True,in_sample_directionality_control
KKEKLSG,-4.800473901047712,-2.563944427595169,1.546669877031435,-1.6552988563353734,-0.8967853819647873,-0.2512537,-3.6822091643214403,1.546669877031435,liver_high_cns_low,5.228879041352876,CTRL_085,2.1320763,-0.41830254,-2.8506932,0.43877378,-1.9727423,0.18568265,2.0229192,0.3573669,-1.342382,0.32607087,-0.91750526,0.41431898,0.34444267,True,-2.411718,2.0229192,-1.1299436,-1.5673059,-4.434637,0.04624249,True,True,in_sample_directionality_control
KQVKTSG,-5.099911715012566,-1.651168109382313,1.6619492205771502,-1.4645225523754557,-0.9614057964306782,0.3063439,-3.3755399121974397,1.6619492205771502,liver_high_cns_low,5.03748913277459,CTRL_092,1.7887878,-0.76159096,-2.0370612,0.45646086,-1.4986838,0.23390548,2.2064335,0.3987,-0.8939146,0.27017838,-0.43773907,0.35789493,0.3434279,True,-1.7678726,2.2064335,-0.6658268,-1.434629,-3.974306,0.06362307,True,True,in_sample_directionality_control
KTTGIKG,-5.564332852805629,-1.6684414638646723,1.604990124855769,-1.7633719959756526,-1.6801295570299626,1.0948914,-3.616387158335151,1.604990124855769,liver_high_cns_low,5.22137728319092,CTRL_086,1.8401027,-0.7102761,-2.2153428,0.5125209,-1.6161249,0.25656134,1.9687023,0.19952793,-1.0367435,0.3606018,-0.62999535,0.3231254,0.33046746,True,-1.9157338,1.9687023,-0.83336943,-1.3844521,-3.8844361,0.067712404,False,True,in_sample_directionality_control
LVDRPTR,-4.783891344091336,-1.862139986756798,1.827025080879963,-1.0467544569958662,-0.766552626610497,0.23277126,-3.3230156654240672,1.827025080879963,liver_high_cns_low,5.150040746304031,CTRL_089,-0.040417433,-2.5907962,-0.5459669,0.29029465,-0.2986729,0.2183423,0.3707002,0.29345027,0.17917004,0.15850991,0.3364655,0.122088574,0.21653715,False,-0.42231992,0.3707002,0.25781778,-0.37135258,-0.7930201,0.57713467,False,True,in_sample_directionality_control
NDAQIKK,-3.49281038649192,-2.9342549762578782,1.5926943924117902,-1.4587812667923334,-2.0893057561025756,1.484695,-3.2135326813748994,1.5926943924117902,liver_high_cns_low,4.8062270737866895,CTRL_099,0.18403411,-2.3663447,-0.9456997,0.39535487,-0.4467247,0.24030359,-0.05332055,0.27022257,-0.26236188,0.17467017,-0.7236912,0.15693615,0.24749748,False,-0.6962122,-0.05332055,-0.49302655,-0.196028,-0.64289165,0.640428,False,True,in_sample_directionality_control
NKKLNEN,-6.007847628640887,-0.5146201178240872,1.6557837948048697,-1.240458582653832,-1.2429166399122338,-0.05141111,-3.261233873232487,1.6557837948048697,liver_high_cns_low,4.9170176680373565,CTRL_095,0.53322315,-2.0171556,-1.0563209,0.2766981,-0.74361384,0.1627778,1.109738,0.1259485,-0.46757317,0.09565787,-0.52718174,0.17280261,0.16677698,False,-0.8999674,1.109738,-0.49737746,-0.6939181,-2.0097053,0.24832384,False,True,in_sample_directionality_control
QVVKFPG,-4.981908342488003,-7.472961483104652,-0.1028802586209287,-1.4063333927424668,-0.6886329231851277,1.4581982,-6.227434912796328,-0.1028802586209287,liver_high_cns_low,6.124554654175399,CTRL_076,-0.37843132,-2.9288101,-0.4415636,0.13643542,-0.3204984,0.08973766,0.582009,0.11719562,-0.044250637,0.11070508,0.6698409,0.09363254,0.10954126,False,-0.381031,0.582009,0.3127951,-0.43772614,-0.96304,0.51297486,False,True,in_sample_directionality_control
RESGGYR,-6.380587425585845,-2.0611392322394164,0.8691161790480079,-2.165679081803709,-2.18916756115461,-0.033703916,-4.220863328912631,0.8691161790480079,liver_high_cns_low,5.0899795079606385,CTRL_091,-0.06140375,-2.6117826,-1.7990589,0.30847895,-1.2978485,0.24136788,0.652527,0.14730664,-0.48826733,0.10117903,-0.25081065,0.14825039,0.18931657,False,-1.5484537,0.652527,-0.369539,-0.8512808,-2.2009807,0.21748975,False,True,in_sample_directionality_control
RKKDADG,-5.893728692956775,-1.5717907509363118,1.4236237950262078,-1.7721618124423495,-2.7777666970484254,0.15587874,-3.732759721946543,1.4236237950262078,liver_high_cns_low,5.156383516972751,CTRL_088,2.300108,-0.25027084,-2.1072536,0.29657513,-1.4589496,0.16540927,1.3971379,0.069706514,-1.1370393,0.2442057,-0.880113,0.27251303,0.20968194,True,-1.7831016,1.3971379,-1.0085762,-1.0896788,-3.1802394,0.11031956,True,True,in_sample_directionality_control
RLEASQK,-4.2709788754193,-1.740508016402839,1.9088608562200349,-1.3140347446895873,-1.0240182725922076,1.0122969,-3.0057434459110697,1.9088608562200349,liver_high_cns_low,4.914604302131105,CTRL_096,0.57408047,-1.9762983,-0.38346884,0.19085944,-0.06999152,0.15602574,0.068826914,0.16867025,0.16022062,0.12044702,-0.01379208,0.09153781,0.14550807,False,-0.22673018,0.068826914,0.07321427,-0.14076085,-0.29555708,0.81475765,False,True,in_sample_directionality_control
RNPESYR,-4.455570929364424,-2.8583489570373235,1.229409294709521,-1.9914320787390485,-2.254482284983274,1.3626157,-3.656959943200874,1.229409294709521,liver_high_cns_low,4.886369237910395,CTRL_097,-0.35904586,-2.9094248,-1.58867,0.5145119,-1.2199905,0.39038503,0.29358822,0.25462618,-0.638041,0.3340078,0.00264948,0.2681668,0.35233957,False,-1.4043303,0.29358822,-0.31769577,-0.67116535,-1.6979184,0.30823052,False,True,in_sample_directionality_control
RQTQESR,-3.70961645741182,-2.8644077556887857,1.661083290771496,-1.255587011369804,-1.4277849550789976,0.91627026,-3.2870121065503026,1.661083290771496,liver_high_cns_low,4.948095397321799,CTRL_093,0.5063944,-2.0439844,-1.398175,0.2767596,-0.94519854,0.15919131,0.6083126,0.11874488,-0.50876313,0.22729568,-0.73112094,0.21357426,0.19911316,False,-1.1716868,0.6083126,-0.61994207,-0.61618006,-1.7799994,0.29118353,False,True,in_sample_directionality_control
TGDAIRK,-4.969861077496808,-1.552770061929633,1.6737988204953622,-1.1374815028423138,-1.9203629130361148,-0.1315882,-3.2613155697132203,1.6737988204953622,liver_high_cns_low,4.935114390208582,CTRL_094,0.45303202,-2.0973468,-1.1174653,0.3471339,-0.6190978,0.20473291,0.12154953,0.16733211,-0.21014747,0.1819018,-0.41826543,0.25439963,0.23110008,False,-0.86828154,0.12154953,-0.31420645,-0.37042773,-0.9898311,0.5035367,False,True,in_sample_directionality_control
WPDDRKK,-4.003475798746302,-2.5033264602738847,1.521291836443713,-1.614656413696712,-1.200714631541136,-0.5143712,-3.2534011295100935,1.521291836443713,liver_high_cns_low,4.774692965953807,CTRL_100,0.2849908,-2.265388,-1.5165288,0.19785263,-0.922712,0.16421056,0.41044927,0.3033905,-0.5000921,0.08633774,-0.28917724,0.21995082,0.19434845,False,-1.2196205,0.41044927,-0.39463466,-0.6135595,-1.6300697,0.32307258,False,True,in_sample_directionality_control
CAQDCMN,3.081200468879413,3.1356343806948277,0.3390572367427596,2.5131097273333967,2.4329408435686126,-6.642803,3.1084174247871204,0.3390572367427596,low_packaging,,CTRL_025,-4.737088,-7.287467,0.38389066,0.097761735,0.483679,0.13968086,-1.8546331,0.13289444,0.15843914,0.122567706,-0.2660545,0.19521302,0.13762355,False,0.43378484,-1.8546331,-0.053807683,0.8550863,2.2884178,4.8852005,False,False,in_sample_directionality_control
CAQDMCK,1.1164292697392106,2.9637460196681085,0.8696450755048312,0.7272551874702411,1.323147395383243,-6.7958,2.0400876447036596,0.8696450755048312,low_packaging,,CTRL_005,-3.046681,-5.5970597,0.05458353,0.1547921,0.251513,0.13916443,-1.4658917,0.16927199,0.04580775,0.043842126,-0.34151298,0.18288715,0.13799156,False,0.15304826,-1.4658917,-0.14785261,0.6115044,1.61894,3.0714927,False,False,in_sample_directionality_control
DPVLVQD,0.812911753771364,0.7847188435363636,-0.867965801833761,0.7946136241927249,0.7831991166831471,-6.6951537,0.7988152986538638,-0.867965801833761,low_packaging,,CTRL_014,-1.8489599,-4.3993387,-0.25271603,0.16250399,0.022692883,0.14482442,-1.1536937,0.25493574,-0.143368,0.12039455,-0.0004509866,0.053501707,0.14723209,False,-0.11501157,-1.1536937,-0.071909495,0.36641943,1.0386821,2.0543501,False,False,in_sample_directionality_control
EMTMIAD,0.3454504389172881,1.6824448267788794,-1.264338002147506,1.3540620873909286,-0.1402526374603774,-6.6966105,1.0139476328480836,-1.264338002147506,low_packaging,,CTRL_013,-2.3566942,-4.907073,0.06683805,0.075592235,0.25371733,0.14967076,-2.187008,0.25601587,-0.055588037,0.12627095,-0.36005166,0.12959576,0.14742911,False,0.1602777,-2.187008,-0.20781985,0.8791417,2.3472855,5.088659,False,False,in_sample_directionality_control
FMMLEAE,0.401239483414808,1.2149106482981686,-2.564922708147523,1.255226368177737,0.846749534677143,-6.69214,0.8080750658564884,-2.564922708147523,low_packaging,,CTRL_015,-2.475942,-5.0263205,-0.43363586,0.1286814,-0.15125592,0.104306206,-0.9196318,0.18958601,-0.27878934,0.06477917,-0.0038862824,0.13955103,0.12538077,False,-0.2924459,-0.9196318,-0.14133781,0.21853805,0.6271859,1.5445492,False,False,in_sample_directionality_control
GGRWNEG,1.659667102900922,1.1406062965384318,-1.125911541674543,,1.4860852293921665,-6.849671,1.400136699719677,-1.125911541674543,low_packaging,,CTRL_003,-0.1543603,-2.704739,-1.8042471,0.32816008,-1.57036,0.26403344,-0.40720883,0.16453373,-1.2806213,0.26727945,-0.7030963,0.2333032,0.25146195,False,-1.6873035,-0.40720883,-0.9918588,-0.4183917,-1.2800947,0.41176847,False,True,in_sample_directionality_control
GQMYLGK,3.1793513788748857,0.4942847781447615,1.2111586643811103,1.5931170910312893,1.3772028455568308,-6.665356,1.8368180785098236,1.2111586643811103,low_packaging,,CTRL_022,-1.8242984,-4.374677,0.27052617,0.16765639,0.28929165,0.16058262,-0.27824217,0.3467867,0.6315704,0.14441487,0.90937203,0.07061645,0.1780114,False,0.2799089,-0.27824217,0.7704712,0.06924951,0.55815107,1.472381,False,False,in_sample_directionality_control
HGDRNWV,-0.0511282603479968,0.229460206423838,0.1818789819711909,1.708093856631482,-0.6781745811381926,-6.671184,0.08916597303792059,0.1818789819711909,low_packaging,,CTRL_019,-1.8204826,-4.3708615,-0.82899857,0.17964958,-0.67665565,0.12651859,-1.2537386,0.22605595,-0.5363618,0.08101013,-0.22323969,0.07093037,0.13683292,False,-0.7528271,-1.2537386,-0.37980074,0.17599651,0.50091153,1.4151074,False,False,in_sample_directionality_control
HIDAMSW,2.1410934801301225,2.751222189145529,-1.226660727169793,2.6784625291793467,1.5445865785710875,-6.677971,2.446157834637826,-1.226660727169793,low_packaging,,CTRL_017,-2.4151223,-4.965501,0.041029423,0.08316253,0.25862485,0.09411181,-1.6702111,0.09317425,0.30610877,0.0630466,0.33552295,0.117670864,0.090233214,False,0.14982714,-1.6702111,0.32081586,0.5878329,1.8200382,3.5309055,False,False,in_sample_directionality_control
HSVNVTH,0.7248650833509426,-0.5395416184735488,-2.6150653654679683,-0.3977296687658239,-1.232950747875201,-6.6713357,0.09266173243869691,-2.6150653654679683,low_packaging,,CTRL_018,-0.7921088,-3.3424876,0.34040707,0.045538727,0.42657572,0.049136087,-2.130177,0.2059029,0.19036467,0.04645523,-0.40678295,0.106302366,0.090667054,False,0.3834914,-2.130177,-0.10820914,0.93977493,2.5136685,5.710704,False,False,in_sample_directionality_control
IDWEHGQ,1.4080044458308798,2.384941651290766,1.6186823014994944,0.0845038878557513,-0.0971325505863031,-6.647223,1.896473048560823,1.6186823014994944,low_packaging,,CTRL_024,-3.9406462,-6.491025,-0.7173194,0.22261837,-0.5656941,0.25852865,-1.5889096,0.06729544,-0.7125265,0.2182698,-0.56854403,0.15952608,0.18524769,False,-0.6415068,-1.5889096,-0.64053524,0.3955474,0.94740283,1.928398,False,False,in_sample_directionality_control
IEQMSFT,1.074704602179766,0.1931063675280224,-0.5159307654208044,0.3587220564646775,1.0539954766106696,-6.7005186,0.6339054848538942,-0.5159307654208044,low_packaging,,CTRL_012,-2.47245,-5.022829,0.062800676,0.049441796,0.24970539,0.037531026,-1.9537277,0.18986648,0.08572286,0.04126052,-0.23861726,0.090382904,0.08169655,False,0.15625304,-1.9537277,-0.0764472,0.769408,2.1099808,4.3168554,False,False,in_sample_directionality_control
IMVMTQN,1.9349017529544223,2.055778657821865,0.628987362424826,0.2239512749923092,2.274848285064907,-6.7056336,1.9953402053881437,0.628987362424826,low_packaging,,CTRL_011,-2.0138516,-4.5642304,0.24268141,0.060845494,0.3396788,0.061960917,-1.0510445,0.17243737,0.20332208,0.038461186,0.097025976,0.15746188,0.09823337,False,0.2911801,-1.0510445,0.15017402,0.4688618,1.3422246,2.5354197,False,False,in_sample_directionality_control
MEATPWR,2.4006800896488594,0.1931063675280224,-0.265389530239522,1.362573237601162,0.967887173355138,-6.8509793,1.296893228588441,-0.265389530239522,low_packaging,,CTRL_002,-2.8096633,-5.360042,-0.5852463,0.21591608,-0.37130067,0.17900227,-0.8801692,0.23135681,-0.10669372,0.10897621,0.2704094,0.10551893,0.16815406,False,-0.4782735,-0.8801692,0.081857845,0.07646457,0.4018957,1.3212429,False,False,in_sample_directionality_control
MPMDTGQ,0.757763900007503,1.2910775643380314,-1.4490100718188823,0.1126539809294706,-1.0187098039941378,-6.8057017,1.0244207321727672,-1.4490100718188823,low_packaging,,CTRL_004,-1.7820891,-4.332468,0.029964447,0.15774933,0.23367417,0.12858033,-1.876284,0.2361818,-0.065373674,0.071406975,-0.39068195,0.09446485,0.13767666,False,0.13181931,-1.876284,-0.22802782,0.7616236,2.0081034,4.0225306,False,False,in_sample_directionality_control
NADRGWL,-0.0652594253851553,-0.227007123532889,-1.3510388608993105,-0.0017755807374515,1.1709468507158316,-6.979164,-0.14613327445902213,-1.3510388608993105,low_packaging,,CTRL_001,-2.2041276,-4.754506,-1.1293919,0.24415863,-0.8080019,0.20192878,-0.6633401,0.23968871,-0.60683346,0.13991652,0.023646604,0.11557644,0.18825382,False,-0.9686969,-0.6633401,-0.29159343,-0.14542587,-0.3053568,0.80924207,False,False,in_sample_directionality_control
NDWGNAL,2.8935179142674277,3.83884845216465,2.2847265269617543,3.30484951905203,2.9422739486246625,-6.779816,3.366183183216039,2.2847265269617543,low_packaging,,CTRL_007,-2.5988326,-5.1492114,-0.68942434,0.42055133,-0.5588013,0.41189355,-1.7640492,0.19001915,-0.7079278,0.3569758,-0.6898977,0.17659561,0.3112071,False,-0.62411284,-1.7640492,-0.69891274,0.476349,1.1399363,2.203713,False,False,in_sample_directionality_control
NVRPFLT,-0.0774746236944384,1.6251139476200462,1.905856555575608,1.6869126116318935,3.105322579129856,-6.746862,0.7738196619628039,1.905856555575608,low_packaging,,CTRL_010,-1.4296994,-3.9800782,-0.51630485,0.17153832,-0.29107597,0.11832141,0.7448295,0.13670845,0.35001034,0.13817158,1.4148281,0.052216444,0.123391256,False,-0.4036904,0.7448295,0.8824192,-0.61883485,-1.1485199,0.45108777,False,False,in_sample_directionality_control
PYEVAAY,3.175594916987215,2.7589657725300087,1.4874993978715425,3.3347996948678142,2.1317958095017056,-6.671002,2.9672803447586116,1.4874993978715425,low_packaging,,CTRL_020,-2.492751,-5.04313,0.02799148,0.08082388,0.20027772,0.068353,-1.9576714,0.10908762,0.10739527,0.068624124,-0.0019318223,0.11931632,0.08924098,False,0.114134595,-1.9576714,0.052731723,0.7259992,2.071806,4.2041264,False,False,in_sample_directionality_control
SHYADQQ,0.1164292697392106,1.9154110941484377,0.3173013965351229,1.4990308736232112,,-6.769116,1.0159201819438242,0.3173013965351229,low_packaging,,CTRL_008,-2.3034859,-4.8538647,-1.0025241,0.30908933,-0.8335099,0.26234195,-2.5197508,0.12886901,-1.0730358,0.2556521,-1.3408277,0.20629807,0.2324501,False,-0.918017,-2.5197508,-1.2069318,0.7101915,1.6017338,3.0350785,False,False,in_sample_directionality_control
SMYAADF,2.0399517657851285,1.4177308600453566,-0.6228276177149775,1.3616920731589592,0.7076521610673756,-6.747209,1.7288413129152427,-0.6228276177149775,low_packaging,,CTRL_009,-2.3765044,-4.926883,-0.3099196,0.15432192,-0.12589484,0.17630737,-1.6408895,0.09303599,-0.25542092,0.06386323,-0.32252926,0.02322878,0.10215145,False,-0.21790722,-1.6408895,-0.2889751,0.5340481,1.4229823,2.6813924,False,False,in_sample_directionality_control
SSIMSNV,2.2164194699038187,3.08108505362764,1.6708036039680223,2.089876562927795,2.0684906287396605,-6.790672,2.648752261765729,1.6708036039680223,low_packaging,,CTRL_006,-1.3909285,-3.9413073,0.40113887,0.15412089,0.4716907,0.12763335,-1.2471406,0.15651616,0.26268882,0.07344687,-0.024901912,0.07755397,0.11785426,False,0.43641478,-1.2471406,0.11889345,0.6091072,1.6835554,3.2121859,False,False,in_sample_directionality_control
TYVQEAT,1.5630347782456813,-0.2646843985106025,0.5908786122815751,-0.886211417628132,0.8151994520334769,-6.661745,0.6491751898675394,0.5908786122815751,low_packaging,,CTRL_023,-1.7917479,-4.342127,0.007242188,0.08900709,0.20047574,0.07570694,-2.4802318,0.20041591,-0.12008997,0.068424225,-0.64517736,0.11936863,0.11058456,False,0.10385896,-2.4802318,-0.38263366,0.99134433,2.5840907,5.9963756,False,False,in_sample_directionality_control
VIAQIQI,4.512368798403348,4.245537711467198,0.1865489172599153,3.1474575993020535,2.0906859353717495,-6.679968,4.378953254935273,0.1865489172599153,low_packaging,,CTRL_016,-0.9278438,-3.4782226,0.51177347,0.14191574,0.63369477,0.11262403,-1.7693094,0.21213078,0.39469674,0.086624466,-0.14928284,0.092457995,0.1291506,False,0.5727341,-1.7693094,0.12270695,0.8524473,2.3420434,5.070203,False,False,in_sample_directionality_control
YVMIGQN,1.1209886027701863,0.7300709892942648,0.3284688096793298,1.9835255427533245,0.2257977658145026,-6.6682773,0.9255297960322255,0.3284688096793298,low_packaging,,CTRL_021,-1.8665024,-4.416881,-0.035929166,0.06731033,0.05407973,0.078100465,-0.59280217,0.2974373,0.017372865,0.04421974,0.13697436,0.18554504,0.13452259,False,0.009075282,-0.59280217,0.07717361,0.1961299,0.60187745,1.5176903,False,False,in_sample_directionality_control
