stage,sequence_count,residue,residue_count,frequency,fold_vs_virtual_pool,js_divergence_bits_vs_virtual_pool,missing_from_stage
observed_100k_library,100000,A,43066,0.06152285714285714,1.2307912147582916,0.027577522998917595,False
observed_100k_library,100000,C,3844,0.005491428571428572,0.10990016353510287,0.027577522998917595,False
observed_100k_library,100000,D,47472,0.06781714285714285,1.3547713224088629,0.027577522998917595,False
observed_100k_library,100000,E,47830,0.06832857142857143,1.3664894392050764,0.027577522998917595,False
observed_100k_library,100000,F,24130,0.03447142857142857,0.6884784711384003,0.027577522998917595,False
observed_100k_library,100000,G,46040,0.06577142857142858,1.3143395472322934,0.027577522998917595,False
observed_100k_library,100000,H,34106,0.048722857142857144,0.9756111514763177,0.027577522998917595,False
observed_100k_library,100000,I,32180,0.04597142857142857,0.9207202103522371,0.027577522998917595,False
observed_100k_library,100000,K,36365,0.05195,1.0384125551830679,0.027577522998917595,False
observed_100k_library,100000,L,32383,0.04626142857142857,0.9229396810196426,0.027577522998917595,False
observed_100k_library,100000,M,34578,0.049397142857142855,0.9879710848881397,0.027577522998917595,False
observed_100k_library,100000,N,43978,0.06282571428571429,1.2542995510783816,0.027577522998917595,False
observed_100k_library,100000,P,41729,0.05961285714285714,1.193198064759639,0.027577522998917595,False
observed_100k_library,100000,Q,42334,0.060477142857142854,1.2114500256117486,0.027577522998917595,False
observed_100k_library,100000,R,27088,0.03869714285714286,0.7747906995369219,0.027577522998917595,False
observed_100k_library,100000,S,43807,0.06258142857142857,1.2521115287325109,0.027577522998917595,False
observed_100k_library,100000,T,42807,0.06115285714285714,1.2220027290737707,0.027577522998917595,False
observed_100k_library,100000,V,36497,0.05213857142857143,1.0419616754978989,0.027577522998917595,False
observed_100k_library,100000,W,13364,0.01909142857142857,0.38294787335555064,0.027577522998917595,False
observed_100k_library,100000,Y,26402,0.03771714285714286,0.7540240127031999,0.027577522998917595,False
virtual_pool,1000000,A,349905,0.04998642857142857,1.0,0.0,False
virtual_pool,1000000,C,349772,0.04996742857142857,1.0,0.0,False
virtual_pool,1000000,D,350406,0.050058,1.0,0.0,False
virtual_pool,1000000,E,350021,0.050003,1.0,0.0,False
virtual_pool,1000000,F,350483,0.050069,1.0,0.0,False
virtual_pool,1000000,G,350290,0.05004142857142857,1.0,0.0,False
virtual_pool,1000000,H,349586,0.04994085714285714,1.0,0.0,False
virtual_pool,1000000,I,349509,0.049929857142857144,1.0,0.0,False
virtual_pool,1000000,K,350198,0.05002828571428571,1.0,0.0,False
virtual_pool,1000000,L,350868,0.050124,1.0,0.0,False
virtual_pool,1000000,M,349990,0.04999857142857143,1.0,0.0,False
virtual_pool,1000000,N,350618,0.05008828571428572,1.0,0.0,False
virtual_pool,1000000,P,349724,0.04996057142857143,1.0,0.0,False
virtual_pool,1000000,Q,349449,0.04992128571428572,1.0,0.0,False
virtual_pool,1000000,R,349617,0.04994528571428571,1.0,0.0,False
virtual_pool,1000000,S,349865,0.04998071428571429,1.0,0.0,False
virtual_pool,1000000,T,350302,0.050043142857142855,1.0,0.0,False
virtual_pool,1000000,V,350272,0.05003885714285714,1.0,0.0,False
virtual_pool,1000000,W,348977,0.049853857142857144,1.0,0.0,False
virtual_pool,1000000,Y,350148,0.050021142857142854,1.0,0.0,False
packaging_95_lcb,6016,A,2468,0.05860562310030395,1.1724306931942317,0.18219335973593498,False
packaging_95_lcb,6016,C,11,0.0002612082066869301,0.005227569521884286,0.18219335973593498,False
packaging_95_lcb,6016,D,717,0.017026025835866262,0.3401259705914392,0.18219335973593498,False
packaging_95_lcb,6016,E,1003,0.023817439209726444,0.47632020498222993,0.18219335973593498,False
packaging_95_lcb,6016,F,269,0.006387727963525836,0.12757850093922057,0.18219335973593498,False
packaging_95_lcb,6016,G,3705,0.08797967325227964,1.758136723189236,0.18219335973593498,False
packaging_95_lcb,6016,H,1923,0.04566394376899696,0.914360433149436,0.18219335973593498,False
packaging_95_lcb,6016,I,814,0.019329407294832828,0.38713123571590374,0.18219335973593498,False
packaging_95_lcb,6016,K,10579,0.25121105623100304,5.021380457960986,0.18219335973593498,False
packaging_95_lcb,6016,L,663,0.015743731003039513,0.3140956628170041,0.18219335973593498,False
packaging_95_lcb,6016,M,755,0.017928381458966566,0.3585778742614531,0.18219335973593498,False
packaging_95_lcb,6016,N,2067,0.04908339665653495,0.9799376432349299,0.18219335973593498,False
packaging_95_lcb,6016,P,2079,0.049368351063829786,0.988146245172789,0.18219335973593498,False
packaging_95_lcb,6016,Q,1896,0.045022796352583584,0.9018757371407131,0.18219335973593498,False
packaging_95_lcb,6016,R,6959,0.16524981003039513,3.3086167726762885,0.18219335973593498,False
packaging_95_lcb,6016,S,2543,0.060386588145896654,1.2081977820624428,0.18219335973593498,False
packaging_95_lcb,6016,T,2005,0.047611132218844984,0.9514017206065478,0.18219335973593498,False
packaging_95_lcb,6016,V,1322,0.03139247720364741,0.6273619941803281,0.18219335973593498,False
packaging_95_lcb,6016,W,56,0.0013297872340425532,0.02667370811915362,0.18219335973593498,False
packaging_95_lcb,6016,Y,278,0.00660144376899696,0.13197306962478358,0.18219335973593498,False
pareto_after_95_lcb,169,A,22,0.018596787827557058,0.37203673795144226,0.27137493442040894,False
pareto_after_95_lcb,169,C,9,0.0076077768385460695,0.15225471984556363,0.27137493442040894,False
pareto_after_95_lcb,169,D,81,0.06846999154691462,1.3678131676638023,0.27137493442040894,False
pareto_after_95_lcb,169,E,117,0.0989010989010989,1.9779033038237486,0.27137493442040894,False
pareto_after_95_lcb,169,F,2,0.0016906170752324597,0.03376574477685713,0.27137493442040894,False
pareto_after_95_lcb,169,G,79,0.06677937447168217,1.334481775962132,0.27137493442040894,False
pareto_after_95_lcb,169,H,57,0.04818258664412511,0.9647929451090025,0.27137493442040894,False
pareto_after_95_lcb,169,I,5,0.00422654268808115,0.08464960506472809,0.27137493442040894,False
pareto_after_95_lcb,169,K,366,0.30938292476754015,6.184160027678002,0.27137493442040894,False
pareto_after_95_lcb,169,L,3,0.00253592561284869,0.05059304151401903,0.27137493442040894,False
pareto_after_95_lcb,169,M,8,0.006762468300929839,0.1352532303966081,0.27137493442040894,False
pareto_after_95_lcb,169,N,70,0.05917159763313609,1.1813460330957128,0.27137493442040894,False
pareto_after_95_lcb,169,P,17,0.014370245139475908,0.2876317209466075,0.27137493442040894,False
pareto_after_95_lcb,169,Q,43,0.03634826711749789,0.7281115980371534,0.27137493442040894,False
pareto_after_95_lcb,169,R,213,0.18005071851225699,3.604959225626325,0.27137493442040894,False
pareto_after_95_lcb,169,S,39,0.03296703296703297,0.659595074583713,0.27137493442040894,False
pareto_after_95_lcb,169,T,45,0.03803888419273035,0.7601218073237163,0.27137493442040894,False
pareto_after_95_lcb,169,V,6,0.00507185122569738,0.10135825467031809,0.27137493442040894,False
pareto_after_95_lcb,169,W,1,0.0008453085376162299,0.016955729928658934,0.27137493442040894,False
pareto_after_95_lcb,169,Y,0,0.0,0.0,0.27137493442040894,True
quality_top5_after_95_lcb,296,A,145,0.06998069498069498,1.399993897957631,0.22742768407399933,False
quality_top5_after_95_lcb,296,C,0,0.0,0.0,0.22742768407399933,True
quality_top5_after_95_lcb,296,D,94,0.045366795366795366,0.9062846171799785,0.22742768407399933,False
quality_top5_after_95_lcb,296,E,157,0.07577220077220077,1.51535309425836,0.22742768407399933,False
quality_top5_after_95_lcb,296,F,0,0.0,0.0,0.22742768407399933,True
quality_top5_after_95_lcb,296,G,390,0.18822393822393824,3.761362207221353,0.22742768407399933,False
quality_top5_after_95_lcb,296,H,65,0.03137065637065637,0.6281561463977235,0.22742768407399933,False
quality_top5_after_95_lcb,296,I,13,0.006274131274131274,0.12565890697784296,0.22742768407399933,False
quality_top5_after_95_lcb,296,K,453,0.21862934362934364,4.370114636306905,0.22742768407399933,False
quality_top5_after_95_lcb,296,L,7,0.0033783783783783786,0.06740041453950958,0.22742768407399933,False
quality_top5_after_95_lcb,296,M,11,0.005308880308880309,0.10618063991017504,0.22742768407399933,False
quality_top5_after_95_lcb,296,N,126,0.060810810810810814,1.2140725110395807,0.22742768407399933,False
quality_top5_after_95_lcb,296,P,113,0.05453667953667954,1.091594390881829,0.22742768407399933,False
quality_top5_after_95_lcb,296,Q,101,0.048745173745173745,0.9764406715034704,0.22742768407399933,False
quality_top5_after_95_lcb,296,R,76,0.03667953667953668,0.734394370859417,0.22742768407399933,False
quality_top5_after_95_lcb,296,S,157,0.07577220077220077,1.516028769397926,0.22742768407399933,False
quality_top5_after_95_lcb,296,T,123,0.05936293436293436,1.1862351357986554,0.22742768407399933,False
quality_top5_after_95_lcb,296,V,37,0.017857142857142856,0.3568655216517449,0.22742768407399933,False
quality_top5_after_95_lcb,296,W,0,0.0,0.0,0.22742768407399933,True
quality_top5_after_95_lcb,296,Y,4,0.0019305019305019305,0.03859371898029837,0.22742768407399933,False
final_shortlist,30,A,13,0.06190476190476191,1.2384313837565435,0.2688791036177766,False
final_shortlist,30,C,0,0.0,0.0,0.2688791036177766,True
final_shortlist,30,D,9,0.04285714285714286,0.8561497234636394,0.2688791036177766,False
final_shortlist,30,E,23,0.10952380952380952,2.190344769790003,0.2688791036177766,False
final_shortlist,30,F,0,0.0,0.0,0.2688791036177766,True
final_shortlist,30,G,51,0.24285714285714285,4.85312169916355,0.2688791036177766,False
final_shortlist,30,H,5,0.023809523809523808,0.4767544085480158,0.2688791036177766,False
final_shortlist,30,I,0,0.0,0.0,0.2688791036177766,True
final_shortlist,30,K,41,0.19523809523809524,3.9025541741148344,0.2688791036177766,False
final_shortlist,30,L,1,0.004761904761904762,0.09500248906521351,0.2688791036177766,False
final_shortlist,30,M,0,0.0,0.0,0.2688791036177766,True
final_shortlist,30,N,14,0.06666666666666667,1.3309831972878365,0.2688791036177766,False
final_shortlist,30,P,11,0.05238095238095238,1.0484458220387125,0.2688791036177766,False
final_shortlist,30,Q,10,0.047619047619047616,0.9538826361882086,0.2688791036177766,False
final_shortlist,30,R,5,0.023809523809523808,0.4767121354701478,0.2688791036177766,False
final_shortlist,30,S,12,0.05714285714285714,1.1432981292784359,0.2688791036177766,False
final_shortlist,30,T,10,0.047619047619047616,0.9515598921311706,0.2688791036177766,False
final_shortlist,30,V,5,0.023809523809523808,0.47582069553565987,0.2688791036177766,False
final_shortlist,30,W,0,0.0,0.0,0.2688791036177766,True
final_shortlist,30,Y,0,0.0,0.0,0.2688791036177766,True
