variant_id,AA,pred_pack,pred_pack_lcb,pred_brain_mouse,uncertainty_brain_mouse,pred_spinal_cord_mouse,uncertainty_spinal_cord_mouse,pred_liver_mouse,uncertainty_liver_mouse,pred_heart_mouse,uncertainty_heart_mouse,pred_kidney_mouse,uncertainty_kidney_mouse,organ_uncertainty_mean,training_distance_lower_bound,max_homopolymer_run,hydrophobic_fraction,net_charge_proxy,cysteine_count,proline_count,has_n_linked_motif,pred_hepg2_bind,pred_hepg2_tr,pred_thle_bind,pred_thle_tr,pred_human_liver_mean,human_liver_warning,passes_packaging_gate,f_cns,f_liv,f_off,display_score,log2_specificity,specificity_index,is_pareto,weight_stability_top_fraction,weight_mean_percentile,selection_group,selection_rank,selected_from_pareto,selection_quality_cutoff,minimum_pairwise_hamming_required
VIRT_0406245,GKEKGGE,1.8848977,-0.6654811,0.21409759,0.045909476,0.28453168,0.033551376,-1.7041471,0.29609376,-0.026289606,0.06321241,-0.87546444,0.15331398,0.118416205,2,2,0.0,0,0,0,False,-1.0343467,0.001280427,-2.48828,-1.5153642,-1.2591777,False,True,0.24931464,-1.7041471,-0.450877,0.7988184,1.9534618,3.8730276,True,1.0,1.0,balanced,1,True,-0.667253792285919,3
VIRT_0021746,KKDGQEG,1.9387836,-0.61159515,0.069387354,0.114892185,0.15574151,0.051256996,-1.4830987,0.36622614,-0.16577718,0.06111391,-0.8207712,0.102018334,0.13910152,2,2,0.0,0,0,0,False,-0.9224127,-0.112259984,-2.1333456,-0.9999645,-1.0419958,False,True,0.11256443,-1.4830987,-0.4932742,0.66839343,1.5956632,3.022334,False,1.0,0.9995012468827935,balanced,2,False,-0.667253792285919,3
VIRT_0448997,QGSGKEG,1.9561715,-0.5942073,0.11651877,0.13803382,0.12734513,0.112731166,-1.0255501,0.3241803,-0.11487184,0.07773148,-0.6251457,0.04517928,0.13957122,2,1,0.0,0,0,0,False,-1.8696758,-1.4218745,-1.9931376,-1.8602369,-1.7862313,False,True,0.121931955,-1.0255501,-0.37000877,0.48781368,1.147482,2.2152693,False,1.0,0.9988362427265177,balanced,3,False,-0.667253792285919,3
VIRT_0064588,QPKKEDG,1.7880325,-0.76234627,-0.028861914,0.07099923,0.03987307,0.07010226,-0.6748882,0.25642708,-0.1134115,0.033638295,-0.43563175,0.075062096,0.10124578,2,2,0.0,0,0,1,False,-0.30499685,0.52565575,-2.0023136,-0.2118026,-0.49836433,False,True,0.0055055786,-0.6748882,-0.27452162,0.2935927,0.68039376,1.6025771,False,1.0,0.9984052215141155,balanced,4,False,-0.667253792285919,3
VIRT_0120237,VKGKTDE,1.8367257,-0.7136531,-0.002469054,0.069395855,0.05688879,0.06031388,-0.56872874,0.31731993,-0.14497499,0.07586521,-0.65237415,0.1382762,0.13223422,2,1,0.14285714285714285,0,0,0,False,-0.6031146,0.5412077,-2.0069585,-0.5041065,-0.64324296,False,True,0.027209867,-0.56872874,-0.39867458,0.2910344,0.5959386,1.5114557,False,1.0,0.9983682768387668,balanced,5,False,-0.667253792285919,3
VIRT_0122136,NPKRSEE,1.7848105,-0.76556826,-0.054576784,0.046033848,-0.0028279498,0.046584625,-0.46804613,0.23045096,-0.1413403,0.046005696,-0.44984716,0.0923289,0.092280805,2,2,0.0,0,0,1,False,-1.2737503,-0.52370477,-1.4052634,-1.1410246,-1.0859358,False,True,-0.028702367,-0.46804613,-0.29559374,0.21001883,0.43934375,1.3559874,False,1.0,0.9976848003448169,balanced,6,False,-0.667253792285919,3
VIRT_0375913,TGNGGKV,1.8978128,-0.65256596,0.18264659,0.06543887,0.14919087,0.05379388,-0.15026058,0.122936435,0.12229623,0.048112027,-0.5368956,0.052889653,0.06863417,2,2,0.14285714285714285,1,0,0,False,-1.1576269,-0.426162,-1.7164632,-1.236789,-1.1342602,False,True,0.16591874,-0.15026058,-0.20729968,0.16871457,0.31617934,1.245029,False,1.0,0.9973215110372219,balanced,7,False,-0.667253792285919,3
VIRT_0493595,KGGNGTP,1.8090668,-0.741312,0.09083624,0.070747994,0.003261468,0.07485362,0.01753372,0.12536474,0.028733775,0.074334286,-0.47764477,0.105235554,0.09010724,2,2,0.0,1,0,1,True,-1.3688252,-0.5995802,-1.7791395,-0.9112143,-1.1646898,False,True,0.047048856,0.01753372,-0.2244555,0.059926286,0.029515136,1.020669,False,1.0,0.99620701333087,balanced,8,False,-0.667253792285919,3
VIRT_0780364,HKAEGKA,1.8300362,-0.72034264,0.10309712,0.20924719,0.13547516,0.19096482,0.033395074,0.26001406,0.13879657,0.12229489,-0.28558695,0.061697528,0.1688437,2,1,0.2857142857142857,1,0,0,False,-0.2722863,1.1010984,-1.6843916,-0.29364765,-0.2873068,True,True,0.119286135,0.033395074,-0.07339519,0.05666952,0.08589106,1.0613431,False,1.0,0.9961084941966069,balanced,9,False,-0.667253792285919,3
VIRT_0801120,TTNGKAA,1.8237276,-0.7266512,0.15576829,0.07690409,0.0473159,0.04896383,0.14474992,0.10323895,0.059167374,0.031052766,-0.58182,0.11578414,0.075188756,2,2,0.2857142857142857,1,0,0,False,-0.60667443,-0.099071205,-1.7194479,-0.45110095,-0.71907365,False,True,0.10154209,0.14474992,-0.2613263,0.047296733,-0.04320783,0.9704946,False,1.0,0.9958991410362977,balanced,10,False,-0.667253792285919,3
VIRT_0884615,QQKDKQA,1.8251886,-0.72519016,0.3331379,0.07531359,0.30518484,0.037963834,-0.005037463,0.06865545,0.17805083,0.05381882,-0.5132202,0.055586237,0.058267586,2,2,0.14285714285714285,1,0,0,False,-0.7233475,0.7427386,-1.6545339,-0.4607191,-0.5239655,False,True,0.31916136,-0.005037463,-0.16758469,0.17890266,0.3241988,1.251969,True,1.0,0.9975493365352051,cns_favoring,1,True,-0.667253792285919,3
VIRT_0037314,NGTGKGP,1.7916379,-0.7587409,0.3051746,0.049425483,0.18869488,0.060303938,-0.26908007,0.07654572,0.074069776,0.05863707,-0.58019865,0.022409996,0.053464442,2,1,0.0,1,0,1,True,-1.2060847,-0.8745098,-1.9648726,-1.2055881,-1.3127639,False,True,0.24693474,-0.26908007,-0.25306442,0.25591156,0.5160148,1.4299997,False,1.0,0.9981404513407833,cns_favoring,2,False,-0.667253792285919,3
VIRT_0733807,VNKGKDE,1.8388534,-0.71152544,0.18371108,0.15616761,0.21958752,0.100211486,-1.2176299,0.054839447,-0.08327708,0.08160005,-0.89486456,0.049800485,0.08852382,2,1,0.14285714285714285,0,0,0,False,-1.2588978,-0.4472481,-1.9551601,-1.3949325,-1.2640595,False,True,0.20164931,-1.2176299,-0.48907083,0.6147268,1.4192792,2.6745186,True,1.0,0.9993349958437242,cns_favoring,3,True,-0.667253792285919,3
VIRT_0250163,GGKASQP,1.867506,-0.6828728,0.2352536,0.07872644,0.15269056,0.040547688,0.20866664,0.09010966,0.13512169,0.05856233,-0.29639852,0.07848712,0.06928665,2,2,0.14285714285714285,1,0,1,False,-1.2814415,-0.08877671,-2.1041534,-0.60275316,-1.0192811,False,True,0.19397208,0.20866664,-0.080638416,0.030381791,-0.014694557,0.9898662,False,1.0,0.9955666389581597,cns_favoring,4,False,-0.667253792285919,3
VIRT_0046147,GKKEGGV,1.8769741,-0.6734047,0.1459271,0.17303278,0.20553747,0.11339061,0.056031775,0.3623284,0.16388108,0.0491515,-0.26159754,0.09355252,0.15829116,2,2,0.14285714285714285,1,0,0,False,-0.46955824,1.2413081,-2.0278084,-0.20592439,-0.36549574,False,True,0.17573228,0.056031775,-0.048858233,0.06924005,0.11970051,1.0865093,False,1.0,0.9964163664911799,cns_favoring,5,False,-0.667253792285919,3
VIRT_0674110,KPNGSTA,1.8618445,-0.68853426,0.21643715,0.106228866,0.12418858,0.06980098,-0.04243331,0.1201299,0.09483602,0.028082171,-0.41678372,0.105937615,0.08603591,2,1,0.14285714285714285,1,0,1,True,-0.7903303,-0.12836409,-1.4162729,-0.11590624,-0.61271834,False,True,0.17031287,-0.04243331,-0.16097385,0.123687215,0.21274617,1.158892,False,1.0,0.9967673409069923,cns_favoring,6,False,-0.667253792285919,3
VIRT_0172875,LKNGASA,1.8000016,-0.7503772,0.23607664,0.09638505,0.09722526,0.07890041,0.4131259,0.2024675,0.10023785,0.07077861,-0.4601925,0.08281557,0.106269434,2,1,0.42857142857142855,1,0,0,False,-0.7764823,0.442155,-1.4460855,0.11951566,-0.41522425,False,True,0.16665095,0.4131259,-0.17997733,-0.03360567,-0.24647495,0.84295356,False,1.0,0.9944644561435919,cns_favoring,7,False,-0.667253792285919,3
VIRT_0324177,QGGGSKV,1.7931147,-0.75726414,0.15864974,0.11019589,0.14624318,0.04625375,0.069203734,0.14912422,0.16510169,0.051331226,-0.25327426,0.05501066,0.082383156,2,3,0.14285714285714285,1,0,0,False,-0.9242439,0.11809611,-1.487644,-0.8667735,-0.79014134,False,True,0.15244646,0.069203734,-0.044086285,0.053196855,0.08324273,1.0593965,False,1.0,0.9959730303869953,cns_favoring,8,False,-0.667253792285919,3
VIRT_0292763,NPSKTQA,1.7945471,-0.7558317,0.16984268,0.09016342,0.09939519,0.078882255,0.19055688,0.118381195,0.085685454,0.057156395,-0.26380357,0.10202905,0.08932246,2,1,0.14285714285714285,1,0,1,False,-0.59334826,0.06933689,-1.8178493,-0.15389442,-0.6239388,False,True,0.13461894,0.19055688,-0.089059055,0.011695424,-0.055937946,0.96196884,False,1.0,0.9952341368800219,cns_favoring,9,False,-0.667253792285919,3
VIRT_0445785,HSKGSGA,1.8854609,-0.66491795,0.19574215,0.11996296,0.063193224,0.11413092,0.5907754,0.096765496,0.1843489,0.09987137,-0.14772591,0.06332849,0.09881184,2,1,0.14285714285714285,1,0,0,False,-1.1173002,0.22134066,-1.6070677,-0.40703726,-0.7275161,False,True,0.12946768,0.5907754,0.018311493,-0.15217322,-0.4613077,0.7263276,False,1.0,0.9899202610757057,cns_favoring,10,False,-0.667253792285919,3
VIRT_0878801,KGDKNEG,1.7846222,-0.7657566,0.08860666,0.051455677,0.1682895,0.043636918,-1.7142708,0.093556605,-0.1419338,0.060613234,-0.8873275,0.082479306,0.06634835,2,1,0.0,0,0,0,False,-1.3071805,-0.5852227,-2.139265,-1.6324043,-1.4160181,False,True,0.12844808,-1.7142708,-0.5146307,0.7607226,1.842719,3.5868537,True,1.0,0.9997044425972109,low_liver,1,True,-0.667253792285919,3
VIRT_0120124,SKDNKEG,1.8206367,-0.72974205,0.2092361,0.092193924,0.28405604,0.061970025,-1.6123555,0.26744643,-0.05310332,0.104912184,-0.90563613,0.04006769,0.11331805,2,1,0.0,0,0,0,False,-0.66632664,-0.07422173,-2.2270167,-1.1827941,-1.0375898,False,True,0.24664608,-1.6123555,-0.47936973,0.7711891,1.8590015,3.6275651,True,1.0,0.9997968042855825,low_liver,2,True,-0.667253792285919,3
VIRT_0423559,GAKGGEG,2.0943308,-0.456048,0.15008023,0.05384065,0.14423624,0.046955913,-1.0887626,0.108435914,-0.10127175,0.076512195,-0.7772462,0.06338279,0.06982549,2,2,0.14285714285714285,0,0,0,False,-1.6267664,-1.1853114,-2.4460661,-1.4076952,-1.6664599,False,True,0.14715824,-1.0887626,-0.43925896,0.5351399,1.2359209,2.3553164,False,1.0,0.9991256426834153,low_liver,3,False,-0.667253792285919,3
VIRT_0264186,GKNHSEG,1.8046646,-0.7457142,0.0009470433,0.10313856,-0.0021761253,0.094110094,-0.790256,0.19947352,-0.16937491,0.08098683,-0.70916504,0.12256766,0.12005533,2,1,0.0,0,0,0,True,-1.6888437,-0.60152626,-1.8728843,-1.1789691,-1.3355558,False,True,-0.000614541,-0.790256,-0.43926996,0.36416706,0.7896415,1.7286448,False,1.0,0.9986699916874474,low_liver,4,False,-0.667253792285919,3
VIRT_0131220,GGRGGSE,1.790432,-0.7599468,-0.29360956,0.125756,-0.24751826,0.13373213,-0.6406373,0.15859616,-0.363872,0.11261505,-0.65478176,0.19909362,0.14595859,2,2,0.0,0,0,0,False,-2.6488438,-2.0991688,-1.5006366,-2.449654,-2.1745758,False,True,-0.2705639,-0.6406373,-0.5093269,0.20433468,0.37007338,1.2924186,False,1.0,0.9975431790893138,low_liver,5,False,-0.667253792285919,3
VIRT_0071974,QHNKKEE,1.7891712,-0.7612076,-0.15154746,0.20768373,-0.07335576,0.18790467,-0.59545887,0.19417499,-0.20045996,0.16152307,-0.5874895,0.106378146,0.17153293,2,2,0.0,0,0,0,False,-1.607167,-0.5015878,-1.6390866,-1.8523529,-1.4000485,False,True,-0.11245161,-0.59545887,-0.39397472,0.23660234,0.48300725,1.3976539,False,1.0,0.9979742003017145,low_liver,6,False,-0.667253792285919,3
VIRT_0126569,RPPKGDE,1.796299,-0.7540798,-0.2263581,0.117069945,-0.0449275,0.09237336,-0.50676835,0.20693068,-0.20858486,0.073029734,-0.2081112,0.06549771,0.11098029,2,2,0.0,0,0,2,False,-0.90253377,-0.7630273,-1.521896,-0.8882824,-1.0189348,False,True,-0.1356428,-0.50676835,-0.20834804,0.15799928,0.37112555,1.2933614,False,1.0,0.9970813706474558,low_liver,7,False,-0.667253792285919,3
VIRT_0684355,KKHNGDE,1.7990208,-0.75135803,-0.3994093,0.07562705,-0.28944033,0.090778835,-0.13811877,0.095581,-0.30362755,0.05399195,-0.46813068,0.029362988,0.06906836,2,2,0.0,0,0,0,False,-1.6115797,-0.2137205,-1.6115313,-1.2589624,-1.1739485,False,True,-0.3444248,-0.13811877,-0.3858791,-0.029473774,-0.20630604,0.8667537,False,1.0,0.994316677442197,low_liver,8,False,-0.667253792285919,3
VIRT_0520688,TPKGGTP,2.1142006,-0.4361782,0.04683183,0.089672014,-0.01813826,0.05292007,0.017176354,0.16441838,0.013904767,0.03691121,-0.48582897,0.13114987,0.09501431,2,2,0.0,1,0,2,False,-0.38675582,-0.06207323,-2.0426717,0.039935827,-0.61289126,False,True,0.014346786,0.017176354,-0.2359621,0.04763675,-0.0028295685,0.9980406,False,1.0,0.9958498814691663,low_liver,9,False,-0.667253792285919,3
VIRT_0208199,RAKREEE,1.7839885,-0.7663903,-0.9817778,0.29229376,-0.6410416,0.23380607,0.11752665,0.20254102,-0.555303,0.14242943,-0.61304855,0.17335662,0.20888536,2,3,0.14285714285714285,0,0,0,False,-1.2647398,-0.027368426,-1.050801,-1.3225704,-0.9163699,False,True,-0.8114097,0.11752665,-0.58417577,-0.28943354,-0.92893636,0.5252454,True,1.0,0.9824143345340354,low_liver,10,True,-0.667253792285919,3
