variant_id,AA,pred_pack,pred_pack_lcb,pred_brain_mouse,uncertainty_brain_mouse,pred_spinal_cord_mouse,uncertainty_spinal_cord_mouse,pred_liver_mouse,uncertainty_liver_mouse,pred_heart_mouse,uncertainty_heart_mouse,pred_kidney_mouse,uncertainty_kidney_mouse,organ_uncertainty_mean,training_distance_lower_bound,max_homopolymer_run,hydrophobic_fraction,net_charge_proxy,cysteine_count,proline_count,has_n_linked_motif,pred_hepg2_bind,pred_hepg2_tr,pred_thle_bind,pred_thle_tr,pred_human_liver_mean,human_liver_warning,passes_packaging_gate,f_cns,f_liv,f_off,display_score,log2_specificity,specificity_index,is_pareto,weight_stability_top_fraction,weight_mean_percentile
VIRT_0406245,GKEKGGE,1.8848977,-0.6654811,0.21409759,0.045909476,0.28453168,0.033551376,-1.7041471,0.29609376,-0.026289606,0.06321241,-0.87546444,0.15331398,0.118416205,2,2,0.0,0,0,0,False,-1.0343467,0.001280427,-2.48828,-1.5153642,-1.2591777,False,True,0.24931464,-1.7041471,-0.450877,0.7988184,1.9534618,3.8730276,True,1.0,1.0
VIRT_0120124,SKDNKEG,1.8206367,-0.72974205,0.2092361,0.092193924,0.28405604,0.061970025,-1.6123555,0.26744643,-0.05310332,0.104912184,-0.90563613,0.04006769,0.11331805,2,1,0.0,0,0,0,False,-0.66632664,-0.07422173,-2.2270167,-1.1827941,-1.0375898,False,True,0.24664608,-1.6123555,-0.47936973,0.7711891,1.8590015,3.6275651,True,1.0,0.9997968042855824
VIRT_0878801,KGDKNEG,1.7846222,-0.7657566,0.08860666,0.051455677,0.1682895,0.043636918,-1.7142708,0.093556605,-0.1419338,0.060613234,-0.8873275,0.082479306,0.06634835,2,1,0.0,0,0,0,False,-1.3071805,-0.5852227,-2.139265,-1.6324043,-1.4160181,False,True,0.12844808,-1.7142708,-0.5146307,0.7607226,1.842719,3.5868537,True,1.0,0.9997044425972108
VIRT_0733807,VNKGKDE,1.8388534,-0.71152544,0.18371108,0.15616761,0.21958752,0.100211486,-1.2176299,0.054839447,-0.08327708,0.08160005,-0.89486456,0.049800485,0.08852382,2,1,0.1428571428571428,0,0,0,False,-1.2588978,-0.4472481,-1.9551601,-1.3949325,-1.2640595,False,True,0.20164931,-1.2176299,-0.48907083,0.6147268,1.4192792,2.6745186,True,1.0,0.9993349958437242
VIRT_0884615,QQKDKQA,1.8251886,-0.72519016,0.3331379,0.07531359,0.30518484,0.037963834,-0.005037463,0.06865545,0.17805083,0.05381882,-0.5132202,0.055586237,0.058267586,2,2,0.1428571428571428,1,0,0,False,-0.7233475,0.7427386,-1.6545339,-0.4607191,-0.5239655,False,True,0.31916136,-0.005037463,-0.16758469,0.17890266,0.3241988,1.251969,True,1.0,0.9975493365352052
VIRT_0281380,QKTGSGP,1.8032904,-0.74708843,0.36561075,0.044498082,0.23492058,0.039921653,0.0071829436,0.0832809,0.14272872,0.040579475,-0.5185666,0.0611855,0.053893127,1,1,0.0,1,0,1,False,-0.68507934,0.26635468,-1.8223919,-0.078219414,-0.579834,False,True,0.30026567,0.0071829436,-0.18791895,0.17018929,0.2930827,1.2252556,True,1.0,0.9973153535913304
VIRT_0208199,RAKREEE,1.7839885,-0.7663903,-0.9817778,0.29229376,-0.6410416,0.23380607,0.11752665,0.20254102,-0.555303,0.14242943,-0.61304855,0.17335662,0.20888536,2,3,0.1428571428571428,0,0,0,False,-1.2647398,-0.027368426,-1.050801,-1.3225704,-0.9163699,False,True,-0.8114097,0.11752665,-0.58417577,-0.28943354,-0.92893636,0.5252454,True,1.0,0.9824143345340354
VIRT_0730879,DKDQKKA,1.866725,-0.68365383,-0.7989103,0.2337437,-0.41958886,0.1908144,0.49601164,0.060648527,-0.35430035,0.11773428,-0.8812913,0.11425237,0.14343867,2,2,0.1428571428571428,1,0,0,False,0.9785638,2.419538,-1.645265,0.42918587,0.54550564,True,True,-0.6092496,0.49601164,-0.6177958,-0.32420722,-1.1052612,0.4648183,True,1.0,0.9801299221083094
VIRT_0432876,RNSDKKD,1.8870292,-0.6633496,-0.9613532,0.2254304,-0.5847082,0.16360529,0.47489858,0.28531107,-0.50955516,0.18605669,-0.755015,0.08559566,0.18919984,2,2,0.0,1,0,0,False,-0.84517086,0.5824193,-0.8653834,-0.97234845,-0.52512085,False,True,-0.7730307,0.47489858,-0.6322851,-0.38762122,-1.2479293,0.4210521,True,1.0,0.9754010036636802
VIRT_0510648,KKEQNKE,2.0739708,-0.476408,-0.92710763,0.33919552,-0.5475637,0.21895935,0.62290555,0.23289458,-0.40726224,0.20734575,-0.85548085,0.23528416,0.24673589,2,2,0.0,1,0,0,False,0.16751182,1.994763,-1.5970782,-0.1496656,0.10388276,True,True,-0.7373357,0.62290555,-0.63137156,-0.42354366,-1.3602412,0.38951716,True,1.0,0.9726917274714448
VIRT_0166934,KKHREEE,1.8853135,-0.6650653,-1.3283036,0.21994919,-0.88715374,0.22246504,0.3128009,0.17993814,-0.7644615,0.21406193,-0.48662767,0.17507237,0.20229733,2,3,0.0,0,0,0,False,-1.1896188,0.57809174,-1.0676732,-1.1397187,-0.70472974,False,True,-1.1077287,0.3128009,-0.6255446,-0.48284927,-1.4205296,0.37357515,True,1.0,0.967414796342477
VIRT_0691688,KKNNTGE,2.1758995,-0.3744793,-0.62955695,0.43309763,-0.52028984,0.2975932,0.94914454,0.14844637,-0.3952458,0.24445644,-0.6766538,0.30343997,0.28540674,2,2,0.0,1,0,0,True,-0.8401241,0.8663025,-1.6591389,-0.22997367,-0.46573356,False,True,-0.5749234,0.94914454,-0.5359498,-0.48372614,-1.5240679,0.34770414,True,1.0,0.9674209537883686
VIRT_0332241,SNKNPKE,1.9287748,-0.62160397,-0.98916197,0.17419551,-0.6885896,0.1590906,0.8627378,0.0866787,-0.40806898,0.10264691,-0.8655362,0.10321923,0.12516618,2,1,0.0,1,0,1,False,-0.5128976,0.75131524,-0.63298094,-0.16588008,-0.14011085,True,True,-0.8388758,0.8627378,-0.6368026,-0.5520918,-1.7016135,0.30744207,True,1.0,0.9611095717496384
VIRT_0518855,KGRDNKD,1.8556919,-0.6946869,-1.297445,0.26613638,-0.89313793,0.17225364,0.713194,0.2238986,-0.6832888,0.13547274,-0.8258535,0.16940334,0.19343293,2,1,0.0,1,0,0,False,-1.1789134,0.61338556,-0.63377416,-1.008097,-0.5518497,False,True,-1.0952915,0.713194,-0.7545712,-0.5915848,-1.8084855,0.28549048,True,0.925925925925926,0.9568424617468674
VIRT_0407694,KNKGKED,2.6055875,0.055208683,-1.043943,0.21452962,-0.6442863,0.08703213,1.0166,0.18475352,-0.5750362,0.10664192,-0.8221488,0.06514178,0.13161978,2,1,0.0,1,0,0,False,-0.72117716,1.14227,-1.4130329,-0.2653123,-0.3143131,True,True,-0.84411466,1.0166,-0.69859254,-0.59594303,-1.8607147,0.27533984,True,1.0,0.9562082448200484
VIRT_0538278,SGTSKKD,1.8332281,-0.7171507,-1.284908,0.1595483,-0.9193594,0.12358848,0.76141393,0.17920734,-0.69998527,0.12633206,-0.8536087,0.1777032,0.15327588,2,2,0.0,1,0,0,False,-0.7775457,0.38515544,-1.3798434,-0.82671905,-0.6497382,False,True,-1.1021338,0.76141393,-0.776797,-0.60709566,-1.8635477,0.2747997,True,0.8518518518518519,0.9551368492349372
VIRT_0419194,QKEAKKE,2.2164373,-0.33394146,-1.3005508,0.20918636,-0.7810596,0.18057907,0.92903125,0.18221256,-0.5586513,0.20184933,-0.73622847,0.1900656,0.19277859,2,2,0.1428571428571428,1,0,0,False,0.42580748,2.1051846,-1.7734481,-0.06552076,0.17300579,True,True,-1.0408052,0.92903125,-0.6474399,-0.66403526,-1.9698365,0.25528196,True,0.2592592592592592,0.9486469012653552
VIRT_0862666,DKKKEAP,2.0076046,-0.5427742,-1.3226364,0.19527207,-0.8575772,0.17098211,0.9473419,0.13096036,-0.6876755,0.07299289,-0.8711311,0.13362008,0.14076552,2,3,0.1428571428571428,1,0,1,False,0.84451914,2.7917233,-1.9947026,1.06531,0.67671245,True,True,-1.0901067,0.9473419,-0.7794033,-0.666237,-2.0374486,0.24359414,True,0.2962962962962963,0.948603799144115
VIRT_0124327,DKKGKEM,1.9884729,-0.56190586,-1.272264,0.23517998,-0.73202544,0.1302757,1.0584198,0.112145275,-0.648492,0.10890275,-0.77828944,0.16857459,0.15101567,2,2,0.1428571428571428,1,0,0,False,0.0780828,2.184556,-1.4326065,0.45020723,0.3200599,True,True,-1.0021447,1.0584198,-0.7133907,-0.6787339,-2.0605645,0.2397222,True,0.1111111111111111,0.9468119823897048
VIRT_0704810,NKDRNKE,2.0059576,-0.5444212,-1.349589,0.67401284,-0.893448,0.4441578,0.9898014,0.39747328,-0.61021864,0.3384091,-1.0094422,0.2682845,0.42446747,2,1,0.0,1,0,0,False,0.04407847,1.3007101,-1.1777303,-0.37348592,-0.051606923,True,True,-1.1215185,0.9898014,-0.8098304,-0.6891477,-2.11132,0.23143516,True,0.1111111111111111,0.9461285058957544
VIRT_0878733,TGKERKE,2.2554474,-0.2949314,-1.4476397,0.26129666,-0.99833983,0.16276833,0.9081386,0.24199337,-0.7256912,0.120630264,-0.903866,0.07312722,0.17196317,2,1,0.0,1,0,0,False,-0.2881317,1.4284328,-1.2861199,-0.48841393,-0.15855819,True,True,-1.2229898,0.9081386,-0.81477857,-0.7052382,-2.1311283,0.22827926,True,0.1111111111111111,0.9445521997475448
VIRT_0920722,RNRTGTE,1.7941275,-0.75625134,-1.4506009,0.27432427,-1.2076037,0.22954941,0.9617794,0.13613583,-0.89284533,0.2578365,-0.7955781,0.20005313,0.21957982,2,1,0.0,1,0,0,True,-1.7620318,-0.75652677,-0.46944505,-1.0897962,-1.01945,False,True,-1.3291023,0.9617794,-0.8442117,-0.76587653,-2.2908816,0.20435059,True,0.0,0.9385425325574952
VIRT_0289228,TETGKKG,2.1296854,-0.4206934,-1.6768723,0.26935858,-1.2575655,0.12755369,1.0114231,0.13517404,-0.85763323,0.1531673,-0.9937502,0.11200178,0.15945108,2,2,0.0,1,0,0,False,0.45160198,1.1125137,-1.8109947,0.034453034,-0.053106517,True,True,-1.4672189,1.0114231,-0.9256917,-0.82910824,-2.478642,0.17941321,True,0.0,0.9331178227271328
VIRT_0464306,IGKKDKD,1.9853468,-0.565032,-1.891557,0.29749894,-1.2279785,0.21320723,1.0603197,0.19274077,-0.94679356,0.17472465,-0.97170764,0.19948407,0.21553114,2,2,0.1428571428571428,1,0,0,False,-0.094944,2.1651773,-1.4103241,0.16309428,0.20575088,True,True,-1.5597677,1.0603197,-0.95925057,-0.8811572,-2.6200874,0.16265787,True,0.0,0.9290908531141284
VIRT_0673283,RNRASGE,1.8391685,-0.71121025,-1.7622722,0.20205547,-1.4709561,0.1057403,0.98500997,0.17764717,-1.0363798,0.102969795,-0.81480825,0.13381879,0.14444631,1,1,0.1428571428571428,1,0,0,False,-1.8592349,-0.50170755,-0.5217738,-1.0939835,-0.99417496,False,True,-1.6166141,0.98500997,-0.92559403,-0.88711095,-2.601624,0.16475293,True,0.0,0.9285182106462238
VIRT_0025359,DPPQKKG,1.8722029,-0.6781759,-1.978083,0.32711765,-1.3990872,0.19765851,0.8599858,0.18203813,-1.03668,0.16451186,-0.6497716,0.08800074,0.19186537,2,2,0.0,1,0,2,False,0.91061664,1.3255183,-1.5018619,0.67823267,0.35312644,True,True,-1.688585,0.8599858,-0.8432258,-0.8922131,-2.5485709,0.17092426,True,0.0,0.9281364490009544
VIRT_0434327,NKNRQNE,1.8245344,-0.7258444,-1.4971361,0.3219973,-1.1925635,0.20482859,1.352699,0.13346374,-0.7955335,0.18709773,-0.9252184,0.21632965,0.2127434,2,1,0.0,1,0,0,False,-0.9568156,0.39722574,-0.94067883,-0.4471377,-0.4868516,False,True,-1.3448498,1.352699,-0.86037594,-0.9065519,-2.6975489,0.15415473,True,0.0,0.9270896831994088
VIRT_0760781,GKGKERD,2.1750078,-0.37537098,-1.7322414,0.1577773,-1.1464021,0.052635074,1.2976744,0.1827046,-0.7948324,0.1266115,-0.9523593,0.12639742,0.12922516,2,1,0.0,1,0,0,False,0.25787854,2.081118,-1.1087557,0.2095151,0.359939,True,True,-1.4393218,1.2976744,-0.87359583,-0.92716163,-2.7369962,0.14999682,True,0.0,0.9254887472676336
VIRT_0239983,RGHPNKE,1.8103428,-0.740036,-2.1375804,0.2861458,-1.5532067,0.14404464,0.8241388,0.27369368,-0.9455897,0.19403355,-0.8021332,0.18693326,0.21697018,2,1,0.0,1,0,1,False,-1.0937314,0.25701177,-0.50787365,-0.843166,-0.54693985,False,True,-1.8453935,0.8241388,-0.87386143,-0.94410336,-2.6695323,0.15717761,True,0.0,0.9239801730242296
VIRT_0655894,RGNKAAE,2.0880847,-0.4622941,-1.8425434,0.11872594,-1.3696167,0.07766731,1.1976403,0.22562079,-0.9794248,0.044017665,-0.95623934,0.09036777,0.111279905,2,2,0.2857142857142857,1,0,0,False,-1.4102105,0.070494294,-1.1672643,-0.7910286,-0.8245022,False,True,-1.60608,1.1976403,-0.9678321,-0.94834363,-2.8037205,0.14321749,True,0.0,0.9239555432406638
VIRT_0934979,KKRDAQE,2.121788,-0.42859077,-2.049019,0.44640908,-1.4243891,0.2883766,1.129967,0.07206469,-1.1410167,0.3203222,-0.88836145,0.30671,0.2867765,2,2,0.1428571428571428,1,0,0,False,-0.9776212,1.0942549,-0.92314065,-0.29143858,-0.2744864,True,True,-1.7367041,1.129967,-1.0146891,-0.97406745,-2.866671,0.13710271,True,0.0,0.9217511776115268
VIRT_0017075,DRKKNEP,2.0504775,-0.4999013,-1.7418602,0.23491555,-1.2103622,0.04629344,1.4424056,0.23756255,-0.8701142,0.12228072,-1.0015693,0.21266128,0.1707427,2,2,0.0,1,0,1,False,0.09992552,1.6687177,-1.2967026,0.3580575,0.20749953,True,True,-1.4761112,1.4424056,-0.93584174,-0.9819236,-2.9185166,0.13226318,True,0.0,0.9211970074812966
VIRT_0385955,TRDSKKE,2.213982,-0.3363967,-1.9203126,0.5528791,-1.3309278,0.32862306,1.3072466,0.19180001,-0.9156545,0.2852389,-1.048316,0.26270655,0.3242495,2,2,0.0,1,0,0,False,0.06320691,1.1466261,-1.1298304,-0.5259659,-0.111490816,True,True,-1.6256202,1.3072466,-0.9819852,-0.9926684,-2.9328668,0.1309541,True,0.0,0.9201995012468828
VIRT_0345682,MKNKKDD,2.1568651,-0.39351368,-1.9170147,0.42854583,-1.2937458,0.26588273,1.4741919,0.1845269,-0.9969376,0.23032838,-0.9612932,0.31398168,0.28465313,2,2,0.1428571428571428,1,0,0,False,0.019780278,2.0227299,-1.1237679,0.5926974,0.3778599,True,True,-1.6053803,1.4741919,-0.97911537,-1.0425652,-3.0795722,0.11829228,True,0.0,0.9162525784304671
VIRT_0998698,RRDDRKE,1.8457403,-0.7046385,-2.3563876,0.37608743,-1.5958936,0.18439518,1.1315851,0.39239106,-1.1230433,0.23263459,-1.2228705,0.2609921,0.28930005,2,2,0.0,1,0,0,False,-0.3119197,1.0526451,-0.093437195,-0.79113305,-0.03596121,True,True,-1.9761406,1.1315851,-1.172957,-1.0507267,-3.1077256,0.11600625,True,0.0,0.9151688679535728
VIRT_0722984,GKRERQE,2.0164914,-0.5338874,-2.1842217,0.46751982,-1.5519173,0.28099057,1.2430985,0.16411962,-1.1160567,0.24835452,-0.9412092,0.24112433,0.2804218,2,1,0.0,1,0,0,False,-0.7294627,1.0288382,-0.5973245,-0.43521476,-0.18329094,True,True,-1.8680695,1.2430985,-1.0286329,-1.0699891,-3.111168,0.11572979,True,0.0,0.9136048766971462
VIRT_0670416,RKGKTDD,2.3558092,-0.19456959,-1.9135135,0.41143593,-1.2926768,0.19948946,1.6120726,0.11630738,-0.9793085,0.21860307,-0.965058,0.3013235,0.24943188,1,2,0.0,1,0,0,False,-0.1295042,1.8031858,-0.9256954,0.6775477,0.35638347,True,True,-1.6030952,1.6120726,-0.9721832,-1.0911815,-3.2151678,0.107680745,True,0.0,0.9119977833194792
VIRT_0587960,IGRKEHG,1.7886386,-0.7617402,-2.4069993,0.45791584,-1.7852795,0.26903403,1.0972818,0.14038709,-1.2480358,0.27608058,-0.78376675,0.30313778,0.28931108,2,1,0.1428571428571428,1,0,0,False,-0.7847382,0.9479929,-0.82499653,-0.2394489,-0.22529767,True,True,-2.0961394,1.0972818,-1.0159013,-1.124131,-3.1934214,0.10931616,True,0.0,0.9076075243988792
VIRT_0878153,TRDKKHE,2.1157165,-0.43466234,-2.2950969,0.42734227,-1.6069696,0.21077238,1.3366469,0.17522752,-1.1025323,0.28237662,-1.0693598,0.32843894,0.28483152,2,2,0.0,1,0,0,False,0.032841206,1.4221376,-1.0762218,-0.3201034,0.014663398,True,True,-1.9510332,1.3366469,-1.0859461,-1.1286021,-3.2876801,0.102402285,True,0.0,0.9075213201563992
VIRT_0993581,RKNSKEE,2.583969,0.033590317,-2.0065753,0.10376814,-1.4076568,0.1128012,1.6403875,0.15965167,-1.0466986,0.13609296,-1.0699704,0.08458696,0.11938019,2,2,0.0,1,0,0,False,-0.68665755,1.0772299,-1.0800338,-0.23600423,-0.23136643,True,True,-1.7071161,1.6403875,-1.0583345,-1.1306709,-3.3475037,0.09824286,True,0.0,0.9081062775160862
VIRT_0657209,RKQKSDE,2.3463879,-0.20399094,-2.132289,0.27402255,-1.4449779,0.15179971,1.59789,0.1377484,-1.1474311,0.25614458,-1.0790715,0.25791526,0.2155261,2,1,0.0,1,0,0,False,-0.4489982,1.5402187,-0.9668858,0.31514215,0.10986921,True,True,-1.7886333,1.59789,-1.1132513,-1.1414962,-3.3865232,0.09562136,True,0.0,0.9067762692035344
VIRT_0542312,HRDKQKE,2.0353456,-0.51503325,-2.4766278,0.41478497,-1.6927536,0.21670549,1.3493975,0.29039717,-1.1952131,0.24886042,-1.2337643,0.30804116,0.29575783,2,1,0.0,1,0,0,False,-0.12332249,1.3549131,-1.0478704,-0.5461037,-0.09059587,True,True,-2.0846906,1.3493975,-1.2144887,-1.1675022,-3.4340882,0.09252017,True,0.0,0.9031433761275822
VIRT_0209021,RARQKDE,1.9904847,-0.5598941,-2.2095668,0.3425443,-1.5103638,0.17405063,1.5462403,0.12053609,-1.0963194,0.18381464,-0.94474715,0.17933139,0.2000554,2,1,0.1428571428571428,1,0,0,False,-0.7781612,0.6526258,-0.24055934,-0.31713605,-0.1708077,True,True,-1.8599653,1.5462403,-1.0205333,-1.1740619,-3.4062057,0.09432568,True,0.0,0.903525137772852
VIRT_0241183,KKNNRDE,2.108192,-0.44218683,-2.4088664,0.3583788,-1.712794,0.17945233,1.5185324,0.17905915,-1.2943656,0.26409903,-1.3438518,0.3151397,0.2592258,2,2,0.0,1,0,0,False,-0.57104874,1.348044,-0.7871292,0.08755636,0.01935561,True,True,-2.06083,1.5185324,-1.3191087,-1.1950382,-3.5793624,0.083657436,True,0.0,0.8999476617099228
VIRT_0425007,RGRHGTD,1.7867527,-0.7636261,-2.864186,0.30267465,-2.2804222,0.14614974,0.9561266,0.20067473,-1.6510353,0.26479933,-1.161511,0.2679465,0.23644897,2,1,0.0,1,0,0,False,-2.0510263,-0.44325244,-0.044458687,-1.034849,-0.8933966,False,True,-2.5723042,0.9561266,-1.4062731,-1.2109265,-3.528431,0.086663544,True,0.0,0.8940241987623533
VIRT_0155275,EQRKKEA,1.9190102,-0.63136864,-2.3502018,0.49610335,-1.5953815,0.2654284,1.6425674,0.15601057,-1.1692133,0.27405363,-1.0731623,0.27930552,0.2941803,1,2,0.1428571428571428,1,0,0,False,-0.21519971,1.8558611,-0.79809636,0.015708208,0.2145683,True,True,-1.9727917,1.6425674,-1.1211878,-1.2384173,-3.615359,0.08159593,True,0.0,0.8952680028324251
VIRT_0707632,DRKNKEG,2.3312802,-0.21909857,-2.2785106,0.51558393,-1.6042715,0.2334133,1.7040701,0.14318658,-1.1565781,0.28658286,-1.1293437,0.32132792,0.3000189,2,1,0.0,1,0,0,False,-0.024256349,1.6644896,-1.1093637,0.3829038,0.22844335,True,True,-1.941391,1.7040701,-1.1429609,-1.2414583,-3.645461,0.07991105,True,0.0,0.8949662879837446
VIRT_0267083,RNRKVDE,1.8307533,-0.7196255,-2.694235,0.5848497,-1.8560312,0.34520993,1.4281138,0.34792897,-1.4523523,0.31270418,-1.2199777,0.31050554,0.38023967,2,1,0.1428571428571428,1,0,0,False,-0.95727736,0.7073864,-0.30260247,-0.29072165,-0.21080378,True,True,-2.2751331,1.4281138,-1.336165,-1.2564167,-3.703247,0.07677354,True,0.0,0.8899233397986515
VIRT_0819976,RNRKQEE,2.2776423,-0.27273655,-2.7006106,0.46300375,-1.9147556,0.28547966,1.4296896,0.38433102,-1.468522,0.2735812,-1.2849586,0.27644217,0.33656758,2,2,0.0,1,0,0,False,-1.3079255,0.48032665,-0.53257143,-0.7281554,-0.5220814,False,True,-2.307683,1.4296896,-1.3767402,-1.2635006,-3.7373726,0.07497884,True,0.0,0.8882731442997446
VIRT_0646689,GEKRNKE,2.0637293,-0.4866495,-2.6309805,0.7936028,-1.8177946,0.5041901,1.5863044,0.3835564,-1.2124332,0.3976861,-1.528423,0.3948626,0.4947796,2,1,0.0,1,0,0,False,0.12848103,1.7541636,-1.2582335,-0.092432976,0.13299453,True,True,-2.2243876,1.5863044,-1.3704281,-1.2820953,-3.810692,0.07126354,True,0.0,0.8856377574582064
VIRT_0468763,NGKRRDD,1.8398523,-0.71052647,-2.8178139,0.67670125,-1.9618986,0.3653316,1.4691281,0.34311664,-1.4537767,0.3857151,-1.4041681,0.4185777,0.43788847,2,2,0.0,1,0,0,False,-1.0238675,0.75821316,-0.13982958,-0.25480664,-0.16507263,True,True,-2.3898563,1.4691281,-1.4289725,-1.3038356,-3.8589845,0.068917565,True,0.0,0.8803177242079984
VIRT_0934954,RQRRPEE,1.7911496,-0.7592292,-3.1582508,0.52772135,-2.302125,0.39318952,1.2163564,0.214866,-1.5675838,0.36623982,-1.4237024,0.39720407,0.37984413,2,2,0.0,1,0,1,False,-1.2227292,0.2755369,1.4339015,-0.213732,0.06824431,True,True,-2.730188,1.2163564,-1.4956431,-1.3551806,-3.9465442,0.064859234,True,0.0,0.8654905945014009
VIRT_0637928,NRKKQEE,2.5064278,-0.043951035,-2.8699284,0.56870824,-1.9705912,0.34068292,1.903187,0.2972752,-1.5091565,0.39440438,-1.4585209,0.42493823,0.40520182,2,2,0.0,1,0,0,False,-0.5467479,1.3672179,-1.2378261,-0.06554866,-0.1207262,True,True,-2.4202597,1.903187,-1.4838387,-1.4584646,-4.3234468,0.049947396,True,0.0,0.8389889473846248
VIRT_0739873,RRSQRDE,1.7857599,-0.7646189,-3.392962,0.5406139,-2.5015814,0.32137382,1.5834533,0.39395058,-1.8242893,0.31812593,-1.5621248,0.30678526,0.3761699,2,2,0.0,1,0,0,False,-1.0638702,0.4632728,0.31901717,-0.35827088,-0.15996277,True,True,-2.9472718,1.5834533,-1.693207,-1.5418395,-4.530725,0.043262925,True,0.0,0.8087374157199593
VIRT_0204802,RRHHSNE,1.7949047,-0.7554741,-3.5555797,0.64329076,-2.7635372,0.34632182,1.265968,0.36177698,-1.8238827,0.27211946,-1.3221219,0.26949474,0.37860075,2,2,0.0,1,0,0,False,-1.6321902,0.18225133,0.061332792,-0.74081427,-0.53235507,False,True,-3.1595583,1.265968,-1.5730023,-1.5502895,-4.425526,0.046535447,True,0.0,0.804507250392537
VIRT_0418661,SRRRQED,1.8105631,-0.7398157,-3.4960334,0.67248136,-2.69571,0.50738144,1.480366,0.19209892,-1.8620703,0.41168445,-1.521056,0.39697382,0.436124,2,3,0.0,1,0,0,False,-1.266402,0.39855707,0.534299,-0.49327075,-0.20670417,True,True,-3.0958717,1.480366,-1.6915631,-1.5729578,-4.5762377,0.041919414,True,0.0,0.796410209045288
VIRT_0882811,QRRRTED,1.8835812,-0.66679764,-3.494905,0.533352,-2.6505554,0.34672472,1.5720685,0.28910172,-1.8866806,0.32822067,-1.4518026,0.33154267,0.36578837,2,3,0.0,1,0,0,False,-1.1484816,0.6282431,0.5860263,-0.25992823,-0.04853511,True,True,-3.07273,1.5720685,-1.6692417,-1.599104,-4.6447983,0.03997389,True,0.0,0.7869893168313785
VIRT_0030913,KKEDTKK,1.9375119,-0.6128669,-3.523414,0.73104507,-2.191563,0.35579956,1.9106352,0.2667833,-1.5922977,0.4385201,-1.4349487,0.47444436,0.45331845,2,2,0.0,2,0,0,False,1.4317393,4.1090026,-1.2660038,0.71068335,1.2463554,True,True,-2.8574884,1.9106352,-1.5136232,-1.6518674,-4.7681236,0.036698792,True,0.0,0.765308949847603
VIRT_0351326,NKETGKK,1.8743114,-0.67606735,-3.432415,0.85332793,-2.1981194,0.41380146,2.0599375,0.40106416,-1.4627901,0.45029274,-1.5713757,0.47990343,0.519678,2,2,0.0,2,0,0,False,1.0517712,3.0226946,-1.3553565,0.3636582,0.7706919,True,True,-2.815267,2.0599375,-1.5170829,-1.6844317,-4.8752046,0.034073535,True,0.0,0.7511345094054986
VIRT_0636781,DNKKGGK,2.0172062,-0.5331726,-3.4920814,0.649417,-2.2994447,0.30260158,2.5084386,0.10983828,-1.5465848,0.39522716,-1.4950762,0.55406886,0.4022306,2,2,0.0,2,0,0,False,0.55995464,2.900353,-1.3627405,0.55032444,0.6619729,True,True,-2.895763,2.5084386,-1.5208305,-1.8768806,-5.4042015,0.0236142,True,0.0,0.6707428958468027
VIRT_0901766,EKKINKG,2.0025473,-0.54783154,-3.7066483,0.6703098,-2.5880077,0.35882553,2.3911865,0.25422382,-1.8659652,0.49384698,-1.600166,0.5588949,0.46722022,2,2,0.1428571428571428,2,0,0,False,1.509614,4.2960734,-1.0588799,2.404965,1.7879431,True,True,-3.147328,2.3911865,-1.7330656,-1.9065998,-5.538514,0.021514988,True,0.0,0.6629475693482346
VIRT_0638977,QTKQKKE,2.6198158,0.06943703,-3.3411667,0.801173,-2.2806363,0.40453124,2.7149377,0.2834441,-1.5903509,0.5088264,-1.4890577,0.60419816,0.52043456,1,2,0.0,2,0,0,False,0.99744225,3.2551436,-1.219277,1.350851,1.09604,True,True,-2.8109016,2.7149377,-1.5397043,-1.9071931,-5.5258393,0.021704841,True,0.0,0.6608848249746005
VIRT_0997232,SKKTNKE,2.8199673,0.26958847,-3.3946655,0.9648239,-2.365864,0.5021178,2.7195742,0.24580728,-1.6939678,0.634124,-1.6928574,0.7150307,0.61238074,2,2,0.0,2,0,0,False,0.8061166,3.1621099,-1.4788101,1.420156,0.9773931,True,True,-2.8802648,2.7195742,-1.6934125,-1.9092876,-5.599839,0.020619608,True,0.0,0.6608232505156861
VIRT_0056453,NKKKQEP,2.895894,0.34551525,-3.6424508,0.8141157,-2.5383015,0.4567107,2.6757615,0.18964937,-1.8846743,0.5390108,-1.5346284,0.6301841,0.5259341,2,3,0.0,2,0,1,False,0.7821312,3.2617793,-1.7061503,1.7633922,1.0252881,True,True,-3.0903761,2.6757615,-1.7096514,-1.9852554,-5.7661376,0.018374674,True,0.0,0.6379791262584281
VIRT_0935968,SEKPKRP,1.9390373,-0.6113415,-4.1330004,0.9944545,-2.8480973,0.5608449,2.3900473,0.31799325,-1.8721342,0.6670358,-1.7659733,0.8989266,0.6878511,2,1,0.0,2,0,2,False,1.6234498,3.1593766,-0.6422446,1.6798301,1.455103,True,True,-3.4905488,2.3900473,-1.8190538,-2.0434527,-5.880596,0.016973216,True,0.0,0.6243157538253131
VIRT_0748088,EKQGKKT,1.9132862,-0.6370926,-4.0084667,0.87697107,-2.6891365,0.43446204,2.600169,0.21453549,-1.9348158,0.569247,-1.7459996,0.68760383,0.55656385,2,2,0.0,2,0,0,False,0.87911296,3.2692828,-0.8953523,1.0734191,1.0816156,True,True,-3.3488016,2.600169,-1.8404076,-2.0489383,-5.948971,0.016187558,True,0.0,0.6223022690188109
VIRT_0680263,DRTNKKA,2.1385398,-0.411839,-3.812661,0.9717296,-2.663147,0.46715665,2.7279937,0.33525932,-1.8297945,0.58421504,-1.6517651,0.673659,0.60640395,2,2,0.1428571428571428,2,0,0,False,0.8166225,2.6227055,-0.65761495,1.0780091,0.96493053,True,True,-3.237904,2.7279937,-1.7407799,-2.0636985,-5.9658976,0.015998743,True,0.0,0.6181213632585205
VIRT_0600472,TEKGKKV,2.527987,-0.022391796,-4.090052,0.8740353,-2.7421134,0.41991308,2.6261287,0.3822287,-1.9270837,0.5338247,-1.8589647,0.63955003,0.5699104,2,2,0.1428571428571428,2,0,0,False,1.4318643,3.3893085,-1.4273428,1.3218455,1.1789188,True,True,-3.4160829,2.6261287,-1.8930242,-2.0777774,-6.0422115,0.015174454,True,0.0,0.616150980573258
VIRT_0832732,DKPHKKG,2.6771483,0.12676954,-4.4252043,0.72036076,-3.0792336,0.35586977,2.2462308,0.23280135,-2.232759,0.5090414,-1.6043489,0.55969137,0.47555295,2,2,0.0,2,0,1,False,1.5758328,3.6314921,-1.106647,2.1022453,1.5507308,True,True,-3.752219,2.2462308,-1.918554,-2.0909684,-5.99845,0.0156418,True,0.0,0.6147224531264432
VIRT_0840722,KRTNKSE,2.4533682,-0.09701061,-3.886406,0.98193794,-2.774423,0.49251816,2.6866398,0.30721784,-1.9065288,0.61710787,-1.5674967,0.66511333,0.612779,2,1,0.0,2,0,0,True,-0.0553025,2.0520086,-0.5081091,0.8053634,0.57349014,True,True,-3.3304143,2.6866398,-1.7370127,-2.0916078,-6.017054,0.015441384,True,0.0,0.6122163726486254
VIRT_0072969,KMDKKRE,2.1189928,-0.431386,-4.2739396,0.85820085,-2.8663073,0.4788739,2.5023358,0.24171825,-2.0264146,0.54722613,-1.643185,0.5866144,0.5425267,2,2,0.1428571428571428,2,0,0,False,1.3265347,3.4100738,-0.607935,1.1962616,1.3312337,True,True,-3.5701234,2.5023358,-1.8347998,-2.115413,-6.072459,0.014859618,True,0.0,0.6084849604384103
VIRT_0659231,RDRHQKG,2.210074,-0.34030485,-4.206306,1.0364357,-3.132481,0.58961344,2.3667367,0.028574117,-2.026687,0.7345572,-1.4260175,0.80988985,0.639814,2,1,0.0,2,0,0,False,0.020794868,2.1847444,0.014371395,0.88979745,0.777427,True,True,-3.6693935,2.3667367,-1.7263522,-2.1343143,-6.03613,0.015238556,True,0.0,0.6044148887041656
VIRT_0122570,ENKKKGS,2.3250446,-0.22533417,-4.036195,0.8080703,-2.79798,0.4056164,2.8108108,0.19567712,-1.9910389,0.50347686,-1.8464594,0.6188582,0.5063398,2,3,0.0,2,0,0,False,0.486367,3.1705537,-1.2426904,1.1894283,0.90091467,True,True,-3.4170876,2.8108108,-1.9187491,-2.1377234,-6.2278986,0.013341839,True,0.0,0.6035959484006036
VIRT_0493389,TEKKKSH,2.1827798,-0.367599,-4.2245235,1.1503762,-2.8993235,0.6238169,2.6175082,0.21707702,-1.943688,0.73156244,-1.7771537,0.8088673,0.70633996,2,3,0.0,2,0,0,False,0.82292795,3.4679933,-1.2464545,1.191236,1.0589256,True,True,-3.5619235,2.6175082,-1.860421,-2.1469092,-6.179432,0.013797666,True,0.0,0.6018410763215418
VIRT_0400526,RKKTDKD,2.5468493,-0.0035295486,-4.0358515,0.9218334,-2.6537125,0.47771934,2.870769,0.14630009,-1.9107692,0.5931592,-1.6527522,0.7895466,0.58571166,2,2,0.0,2,0,0,False,0.82008004,3.780398,-0.6263011,1.7737193,1.436974,True,True,-3.3447819,2.870769,-1.7817607,-2.1535687,-6.215551,0.01345652,True,0.0,0.5996613404759706
VIRT_0569716,KRDKKSD,2.5920467,0.04166794,-4.2237015,1.1118025,-2.855206,0.5931836,2.715931,0.27560833,-2.0878203,0.6958324,-1.8096259,0.7489725,0.6850799,2,2,0.0,2,0,0,False,0.7802515,3.1482863,-0.37415904,1.3092632,1.2159104,True,True,-3.5394537,2.715931,-1.9487231,-2.1535854,-6.2553844,0.01309006,True,0.0,0.6005418552384469
VIRT_0611025,FNRNKKD,2.0162363,-0.5341425,-4.345526,1.0552326,-3.1343925,0.5655524,2.4850407,0.1920783,-2.0999198,0.6783544,-1.7369659,0.73984325,0.6462122,2,2,0.1428571428571428,2,0,0,False,-0.30054307,2.050222,0.06332503,0.42577648,0.5596951,True,True,-3.7399592,2.4850407,-1.9184428,-2.1690574,-6.225,0.013368674,True,0.0,0.5976663280071426
VIRT_0711084,QKKKMSE,2.5328403,-0.017538548,-4.024448,0.8698168,-2.7725906,0.4759556,2.9197457,0.3580896,-2.0910785,0.5258607,-1.6521448,0.6917372,0.584292,2,3,0.1428571428571428,2,0,0,False,0.7666855,3.7937326,-1.1887095,2.0977225,1.3673577,True,True,-3.3985193,2.9197457,-1.8716116,-2.1769223,-6.318265,0.012531779,True,0.0,0.595135617745759
VIRT_0050141,HKKKIEG,2.699504,0.1491251,-4.362882,0.8370345,-3.0018582,0.40864274,2.5909755,0.12807526,-2.2019563,0.5800769,-1.5747244,0.70001996,0.5307698,2,3,0.1428571428571428,2,0,0,False,0.8860493,3.770125,-1.2609713,2.1804175,1.3939052,True,True,-3.6823702,2.5909755,-1.8883404,-2.18624,-6.273346,0.012928099,True,0.0,0.5938918136756873
VIRT_0228523,NKGKKHE,2.916082,0.3657031,-4.308099,0.87671584,-3.0010922,0.47568318,2.7343075,0.1857888,-2.1282396,0.59161663,-1.7844512,0.747855,0.57553184,2,2,0.0,2,0,0,False,0.6946311,3.0552154,-1.2520667,1.2376089,0.9338472,True,True,-3.6545954,2.7343075,-1.9563454,-2.2103062,-6.3889027,0.011932973,True,0.0,0.5889104399495091
VIRT_0447332,TNGKERK,1.8849745,-0.6654043,-4.450118,1.2536588,-2.979075,0.6968635,2.6855655,0.32064554,-1.9353092,0.6922712,-1.882734,0.86525583,0.76573896,2,1,0.0,2,0,0,False,0.85669327,2.7017713,-0.74032164,0.13650012,0.73866075,True,True,-3.7145965,2.6855655,-1.9090216,-2.229712,-6.4001617,0.011840208,True,0.0,0.5852467596440996
VIRT_0767626,QNDGKKR,1.7841592,-0.7662196,-4.5016465,1.2467289,-3.0443125,0.70166874,2.6368883,0.46008536,-1.981891,0.6417418,-1.9135948,0.7991172,0.7698684,2,2,0.0,2,0,0,False,0.9589889,2.3295026,-0.6595722,0.001956582,0.657719,True,True,-3.7729795,2.6368883,-1.9477429,-2.231203,-6.409868,0.011760818,True,0.0,0.5849388873495274
VIRT_0001729,HGKMRKE,1.8183923,-0.7319865,-4.6242685,1.0325959,-3.2472908,0.5517407,2.4760277,0.29551315,-2.2671394,0.66516036,-1.7047195,0.78843397,0.6666888,2,1,0.1428571428571428,2,0,0,False,-0.049411774,2.518004,-0.30772132,0.8179822,0.74471325,True,True,-3.9357796,2.4760277,-1.9859295,-2.2405248,-6.411807,0.01174502,True,0.0,0.5839906406822452
VIRT_0430921,LNHKKKE,2.6471405,0.0967617,-4.6643176,1.1427413,-3.1764207,0.65045375,2.5827518,0.29427058,-2.2751975,0.7384031,-1.9005396,0.7434149,0.7138567,2,3,0.1428571428571428,2,0,0,False,0.5415864,2.7931767,-0.9458202,0.8241148,0.8032644,True,True,-3.9203691,2.5827518,-2.0878687,-2.2505555,-6.503121,0.011024669,True,0.0,0.5822357686031834
VIRT_0674391,HGEKKKM,1.9626684,-0.5877104,-4.949848,1.2071952,-3.2974598,0.67319906,2.3850615,0.30767596,-2.2689924,0.6659727,-1.9193128,0.81682456,0.7341735,2,3,0.1428571428571428,2,0,0,False,0.33895373,2.6902828,-0.99346673,0.18140459,0.55429363,True,True,-4.123654,2.3850615,-2.0941527,-2.2715852,-6.5087156,0.010981998,True,0.0,0.5792432498999415
VIRT_0951328,PQGRKKE,2.2686648,-0.28171396,-4.603888,1.3314482,-3.1246839,0.7550839,2.68117,0.21651068,-2.1198528,0.8192816,-1.8458351,0.9013718,0.8047393,2,2,0.0,2,0,1,False,0.48726797,2.1542683,-0.62418616,0.5252843,0.6356586,True,True,-3.864286,2.68117,-1.9828439,-2.2807693,-6.545456,0.010705857,True,0.0,0.576256888642591
VIRT_0164026,SSRHKKE,2.4648008,-0.085577965,-4.555194,1.1780794,-3.282495,0.64536405,2.6010983,0.26145732,-2.1537988,0.7689446,-1.7071965,0.83813125,0.73839533,2,2,0.0,2,0,0,False,0.23238003,2.428277,-0.36373305,0.65654063,0.7383661,True,True,-3.9188445,2.6010983,-1.9304976,-2.2877648,-6.5199428,0.010896867,True,0.0,0.5751239185985654
VIRT_0029594,RGRPRTD,1.887455,-0.6629238,-5.004422,1.1635714,-3.6520264,0.7179952,2.259006,0.3118685,-2.456464,0.78330094,-1.7609867,0.95779145,0.78690547,2,1,0.0,2,0,1,False,-0.63228226,1.4217964,1.1928704,0.74194694,0.68108284,True,True,-4.328224,2.259006,-2.1087253,-2.316608,-6.58723,0.010400306,True,0.0,0.5727902466057079
VIRT_0698814,SRNGKKD,2.714429,0.1640501,-4.407066,0.8187417,-3.1507375,0.41708696,2.913876,0.13478927,-2.097778,0.56101626,-1.9280384,0.6343015,0.5131871,1,2,0.0,2,0,0,False,0.30188596,2.01302,-0.4198978,0.6317861,0.6316986,True,True,-3.7789016,2.913876,-2.0129082,-2.3177805,-6.6927776,0.009666587,True,0.0,0.571140051106801
VIRT_0261922,NESRRKA,1.9339542,-0.61642456,-4.729137,1.143171,-3.3285854,0.74466395,2.6898193,0.38721403,-2.229547,0.7116926,-2.0082965,0.7421651,0.7457813,2,2,0.1428571428571428,2,0,0,True,0.6435988,2.4179997,-0.09402031,0.94278073,0.9775897,True,True,-4.028861,2.6898193,-2.1189218,-2.3306398,-6.7186804,0.0094945785,True,0.0,0.5696745789846372
VIRT_0087294,KKKKEDN,2.1118598,-0.438519,-4.6757574,0.9912784,-3.1278255,0.47773957,2.911067,0.21931474,-2.3764067,0.6544016,-2.0576468,0.8074334,0.63003355,2,4,0.0,2,0,0,False,1.4560153,4.858154,-0.9449556,2.5811386,1.9875879,True,True,-3.9017916,2.911067,-2.2170267,-2.3312743,-6.8128586,0.008894575,True,0.0,0.5698346725778147
VIRT_0049743,RRGKTQE,2.8352022,0.28482342,-4.4997115,1.0633713,-3.206036,0.5821983,2.8891454,0.29854894,-2.206548,0.6550012,-1.8358618,0.7240617,0.66463625,2,2,0.0,2,0,0,False,-0.06472063,1.9579204,-0.38191634,0.88944006,0.60018086,True,True,-3.8528738,2.8891454,-2.021205,-2.340753,-6.742019,0.009342218,True,0.0,0.5680182260398388
VIRT_0000024,QKKKTHE,2.8704863,0.32010746,-4.5782747,1.0645888,-3.1749916,0.59201896,2.9438603,0.3223373,-2.3350875,0.6888246,-1.9047953,0.8486584,0.7032856,2,3,0.0,2,0,0,False,0.7699752,3.8201804,-1.3289961,1.9149475,1.2940267,True,True,-3.8766332,2.9438603,-2.1199415,-2.3508477,-6.8204937,0.008847627,True,0.0,0.5668606262122472
VIRT_0061971,DSNRKKS,1.8663297,-0.6840491,-4.7868123,1.2159283,-3.3435547,0.69847286,2.7600818,0.36502078,-2.2499003,0.7765154,-2.0164192,0.82067466,0.77532244,2,2,0.0,2,0,0,False,0.7399888,2.5564718,-0.3001995,1.036484,1.0081863,True,True,-4.0651836,2.7600818,-2.1331596,-2.3687294,-6.8252654,0.008818412,True,0.0,0.564945660540008
VIRT_0535056,SRKKQTE,2.6853967,0.13501787,-4.429286,0.99372125,-3.1255846,0.5358424,3.0948448,0.2257303,-2.2021012,0.63399696,-1.8795063,0.79290456,0.6364391,2,2,0.0,2,0,0,False,0.33418775,2.6624465,-0.84681,1.303654,0.8633695,True,True,-3.7774353,3.0948448,-2.040804,-2.3748808,-6.87228,0.008535668,True,0.0,0.5641513500200117
VIRT_0120588,KKKKESE,3.174786,0.6244073,-4.850075,1.0533379,-3.2829068,0.53864217,2.9506772,0.26445824,-2.5218372,0.68855685,-2.1662655,0.8593379,0.6808666,2,4,0.0,2,0,0,False,1.0901341,4.408353,-1.3673439,2.1291676,1.5650777,True,True,-4.0664907,2.9506772,-2.3440514,-2.3938475,-7.017168,0.0077200825,True,0.0,0.5626366183307164
VIRT_0586857,DGQKKKH,1.9513979,-0.5989809,-5.159717,1.0666709,-3.494604,0.58794063,2.6495123,0.31228074,-2.4580781,0.64133894,-2.1556954,0.7357445,0.66879517,2,3,0.0,2,0,0,False,0.25571227,2.6550136,-1.0163746,0.21255887,0.52672756,True,True,-4.327161,2.6495123,-2.3068867,-2.4131744,-6.976673,0.007939847,True,0.0,0.5607462824420429
VIRT_0524717,QGHRKKD,2.4758654,-0.074513435,-5.1158442,1.2634032,-3.5321898,0.7355998,2.6213894,0.3525299,-2.4211469,0.81161493,-1.9955842,0.81089556,0.7948087,2,2,0.0,2,0,0,False,-0.07729697,2.3231878,-0.044107795,0.5473013,0.6872711,True,True,-4.324017,2.6213894,-2.2083654,-2.4216208,-6.9454064,0.008113801,True,0.0,0.5596256272898001
VIRT_0044473,KGRSHRE,2.2126627,-0.3377161,-5.1669574,1.1113873,-3.8735352,0.6160265,2.3537817,0.3184312,-2.5140386,0.6235325,-1.8357588,0.71427405,0.67673033,2,1,0.0,2,0,0,False,-0.6415043,1.9274544,0.25080264,0.2871225,0.4559688,True,True,-4.5202465,2.3537817,-2.1748986,-2.4229548,-6.874028,0.008525332,True,0.0,0.5592315507527477
VIRT_0863014,EGRRQKS,1.8246307,-0.72574806,-5.0191708,1.2147577,-3.5830045,0.7794647,2.661195,0.2102366,-2.4068635,0.7504511,-2.009441,0.82445484,0.75587296,2,2,0.0,2,0,0,False,-0.15456796,2.449545,0.28623572,0.66893125,0.812536,True,True,-4.3010874,2.661195,-2.2081523,-2.4252772,-6.962282,0.008019444,True,0.0,0.559163818847942
VIRT_0700615,ETGKRKG,2.2487688,-0.30161,-4.9910855,1.2268842,-3.5158336,0.7646752,2.8186488,0.20758185,-2.462168,0.7762729,-2.0692673,0.7956024,0.7542033,2,1,0.0,2,0,0,False,1.3407865,3.4849486,-0.670354,1.7245536,1.4699837,True,True,-4.2534595,2.8186488,-2.2657175,-2.4474401,-7.0721083,0.007431616,True,0.0,0.5571380191496567
VIRT_0764178,RGKKMHE,2.2993455,-0.2510333,-5.050496,1.144645,-3.484895,0.57170224,2.7649446,0.349691,-2.4753327,0.68383133,-1.8184103,0.7903674,0.70804733,2,2,0.1428571428571428,2,0,0,False,-0.15257311,2.717803,-0.68088377,1.0204043,0.7261876,True,True,-4.2676954,2.7649446,-2.1468716,-2.4588192,-7.03264,0.007637732,True,0.0,0.5559988916597396
VIRT_0460745,TEHKAKK,1.8774328,-0.672946,-5.345854,1.3121307,-3.531871,0.69472754,2.6420074,0.31170875,-2.3192239,0.7327096,-2.1347477,0.8812976,0.7865149,2,2,0.1428571428571428,2,0,0,False,1.2865858,3.6283336,-0.9470091,0.7353928,1.1758258,True,True,-4.4388623,2.6420074,-2.226986,-2.4767935,-7.0808697,0.007386621,True,0.0,0.5535605430867275
VIRT_0645001,TKRRKDE,2.9337091,0.38333035,-5.0594683,1.2454095,-3.5252795,0.7467102,2.891707,0.44698012,-2.546997,0.7740246,-2.057605,0.8633288,0.81529063,2,2,0.0,2,0,0,False,0.55793905,3.0965996,0.080907,1.5683627,1.325952,True,True,-4.2923737,2.891707,-2.302301,-2.4832053,-7.1840806,0.0068766396,True,0.0,0.5531541516578923
VIRT_0756740,HGDKKRH,1.8047647,-0.74561405,-5.454213,1.2789854,-3.7684472,0.73746216,2.4818861,0.47238868,-2.4719238,0.7116531,-2.1059802,0.8625326,0.8126044,2,2,0.0,2,0,0,False,0.030671358,2.2065592,-0.58696043,-0.27946544,0.34270117,True,True,-4.61133,2.4818861,-2.2889519,-2.4859684,-7.093216,0.007323678,True,0.0,0.5519903943844092
VIRT_0657758,EGHRKKS,2.046754,-0.5036249,-5.6450253,1.5418352,-3.8624673,0.95075387,2.6351397,0.32979438,-2.692044,0.9440547,-2.298635,1.0476497,0.96281755,2,2,0.0,2,0,0,False,0.19913304,2.808,-0.12619908,0.6804304,0.8903411,True,True,-4.753746,2.6351397,-2.4953394,-2.5624168,-7.3888855,0.0059665577,True,0.0,0.5406299067146948
VIRT_0452569,CRKSKTA,1.8265386,-0.72384024,-5.5281477,1.4108633,-4.1092615,0.9627827,2.5188382,0.55616695,-2.2974906,0.88540477,-2.4803581,1.0832609,0.9796957,2,1,0.1428571428571428,3,1,0,False,1.56004,3.645493,0.096648395,2.581768,1.9709873,True,True,-4.8187046,2.5188382,-2.3889244,-2.5722253,-7.3375425,0.0061827204,True,0.0,0.538511745328038
VIRT_0941880,GRNKHRE,2.345224,-0.2051549,-5.312922,1.2623248,-3.8552556,0.6824185,2.7865357,0.32262784,-2.5328755,0.769549,-2.0897202,0.8858702,0.78455806,2,1,0.0,2,0,0,False,0.095119715,2.3411856,-0.09880197,0.64305353,0.74513924,True,True,-4.584089,2.7865357,-2.311298,-2.575868,-7.3706245,0.006042559,True,0.0,0.5401373110433794
VIRT_0595673,ERVRKKE,1.8170123,-0.7333665,-5.5372915,1.3664801,-3.7438495,0.76285917,2.8128614,0.3919116,-2.6664624,0.78882533,-2.241825,0.95658654,0.8533325,2,2,0.1428571428571428,2,0,0,False,0.89310074,3.3743477,0.26731336,1.2156239,1.4375964,True,True,-4.6405706,2.8128614,-2.4541438,-2.5819294,-7.453432,0.0057054954,True,0.0,0.5385917921246267
VIRT_0314954,NKRRRDE,2.500062,-0.05031681,-5.4775534,1.428128,-3.839829,0.90518427,3.0260084,0.49824032,-2.7376654,0.843317,-2.1719117,0.9053626,0.91604644,2,3,0.0,2,0,0,False,0.09980345,2.5878081,0.7120248,1.2804513,1.1700219,True,True,-4.6586914,3.0260084,-2.4547887,-2.664556,-7.6847,0.004860431,True,0.0,0.5217265478279609
VIRT_0574453,CGKKSRA,1.9047365,-0.6456423,-5.998725,1.1863201,-4.284315,0.78924066,2.572802,0.49829954,-2.5473862,0.75405353,-2.6393604,0.9750737,0.8405975,2,2,0.1428571428571428,3,1,0,False,1.6708889,4.134875,-0.11959647,2.555819,2.0604966,True,True,-5.14152,2.572802,-2.5933733,-2.6954901,-7.714322,0.004761652,True,0.0,0.505594039592377
VIRT_0975384,HRKKNNE,2.6561794,0.10580063,-5.4758844,1.3585734,-3.8764668,0.7167609,3.1523159,0.41023824,-2.6714983,0.8090381,-2.3611171,0.8952302,0.8379682,2,2,0.0,2,0,0,False,-0.02042818,2.4072986,-0.6542391,0.8474004,0.6450079,True,True,-4.6761756,3.1523159,-2.5163078,-2.704328,-7.828491,0.0043993583,True,0.0,0.5103537452664635
VIRT_0390431,QRRHRHD,1.841063,-0.7093158,-6.1104393,1.2532023,-4.6038594,0.7959287,2.51576,0.52134764,-3.0538158,0.742993,-2.1752741,0.8687208,0.8364385,2,2,0.0,2,0,0,False,-0.7232096,1.9231774,1.3511789,0.64317846,0.79858124,True,True,-5.357149,2.51576,-2.6145449,-2.7683241,-7.872909,0.0042659743,True,0.0,0.478273452172039
VIRT_0145112,CTKKKRD,1.7937126,-0.7566662,-6.480516,1.5755165,-4.5085363,1.0367817,2.554145,0.5621663,-2.858235,0.9575852,-2.9783273,1.2379587,1.0740017,2,3,0.0,3,1,0,False,2.5482116,4.92883,0.17046532,2.960257,2.651941,True,True,-5.494526,2.554145,-2.918281,-2.782831,-8.048671,0.0037766667,True,0.0,0.4703057171885102
VIRT_0648484,DRKHRRD,2.0074744,-0.5429044,-5.927747,1.3081589,-4.159177,0.746068,3.1168087,0.3655516,-2.8289952,0.82255423,-2.306334,0.92173696,0.83281386,2,2,0.0,2,0,0,False,0.54237604,3.2093735,0.91382664,1.3763173,1.5104733,True,True,-5.043462,3.1168087,-2.5676646,-2.8469079,-8.160271,0.0034955358,True,0.0,0.4499368861796127
VIRT_0906800,RRRQHQD,2.0048037,-0.54557514,-6.1003036,1.3207818,-4.5590997,0.7350644,2.8476024,0.3172761,-3.0332913,0.80195636,-2.2332518,0.9295573,0.82092726,2,3,0.0,2,0,0,False,-0.8510552,1.6117157,1.0038818,0.5595701,0.5810281,True,True,-5.3297014,2.8476024,-2.6332717,-2.868372,-8.177303,0.0034545097,True,0.0,0.4370739817123856
VIRT_0015603,EHRKRKD,2.0392013,-0.51117754,-6.4710608,1.49638,-4.449826,0.90832907,3.1312015,0.3515186,-3.1638088,0.89850247,-2.7289824,1.0581026,0.9425666,2,1,0.0,2,0,0,False,0.39373374,3.5150108,0.61628836,1.0852582,1.4025729,True,True,-5.4604435,3.1312015,-2.9463956,-2.963841,-8.591645,0.0025921317,True,0.0,0.3885717804254795
VIRT_0646245,GDKKKKP,3.2132473,0.6628685,-5.909926,1.6394008,-4.026427,0.9310868,3.654565,0.61377066,-2.8631594,1.100365,-2.503113,1.2426715,1.105459,2,4,0.0,3,0,1,False,2.2830896,5.056199,-1.4433106,2.7378354,2.1584535,True,True,-4.9681764,3.654565,-2.6831362,-2.97815,-8.622742,0.0025368577,True,0.0,0.378738339336843
VIRT_0652888,TKKKEKP,3.5303097,0.9799309,-6.0900702,1.5202463,-4.1834917,0.8100658,3.6719353,0.4244892,-3.0359335,1.0459565,-2.5771885,1.1476942,0.9896904,2,3,0.0,3,0,1,False,2.5136943,5.7556844,-1.4373254,3.3508244,2.5457194,True,True,-5.1367807,3.6719353,-2.806561,-3.0354166,-8.808716,0.0022300382,True,0.0,0.3466518887965272
VIRT_0165046,NDRKKKG,3.155264,0.6048851,-6.24568,1.6622581,-4.3657165,0.98962003,3.635852,0.5626471,-3.0442455,1.1278048,-2.4464955,1.2436807,1.1172022,2,3,0.0,3,0,0,False,1.756813,4.322414,-0.40839002,2.4157853,2.0216556,True,True,-5.3056984,3.635852,-2.7453704,-3.1110382,-8.94155,0.0020338793,True,0.0,0.3045965333579631
VIRT_0574954,GDKKKKS,3.1187563,0.5683775,-6.2472177,1.8052465,-4.2211943,1.0688503,3.808511,0.7165077,-2.9912655,1.2040784,-2.639182,1.3209631,1.2231293,2,4,0.0,3,0,0,False,1.9921212,5.0747733,-1.1537693,2.6489825,2.1405268,True,True,-5.234206,3.808511,-2.8152237,-3.1253269,-9.042717,0.0018961424,True,0.0,0.2965487515778455
VIRT_0541965,EKQKKKG,3.2961588,0.74578,-6.5450873,1.6384962,-4.5612044,0.96815276,3.7586975,0.614473,-3.2431183,1.1298121,-2.7614832,1.1975694,1.1097007,2,3,0.0,3,0,0,False,2.2937353,5.62031,-0.8649879,3.157465,2.5516305,True,True,-5.553146,3.7586975,-3.0023007,-3.2139997,-9.311844,0.00157346,True,0.0,0.259173055016779
VIRT_0729699,GNKKRKD,3.2018132,0.6514344,-6.8496943,1.9348521,-4.692431,1.1732008,4.048782,0.6620597,-3.3233616,1.2782414,-2.8865216,1.3741407,1.2844989,2,2,0.0,3,0,0,False,1.2259636,4.4785285,-0.3809767,2.3199134,1.9108572,True,True,-5.771063,4.048782,-3.1049416,-3.3930635,-9.819845,0.0011064507,True,0.0,0.199390412856747
VIRT_0152090,KQKKKCA,2.130704,-0.41967487,-7.516454,2.3523958,-5.2501783,1.4766144,3.5100212,1.0183674,-3.2429843,1.4556019,-3.1061418,1.6394144,1.5884788,2,3,0.1428571428571428,4,1,0,False,3.4637628,6.403021,0.13591787,4.148757,3.5378644,True,True,-6.383316,3.5100212,-3.174563,-3.4660869,-9.893337,0.0010514987,True,0.0,0.1889042825036175
VIRT_0224287,TDAKRKR,1.9044156,-0.6459632,-7.2792435,2.2849255,-4.9691133,1.4110048,3.8912404,0.74027056,-3.319558,1.4529504,-2.7593212,1.6799546,1.5138211,2,1,0.1428571428571428,3,0,0,False,2.2162414,4.644944,0.18221307,2.0665665,2.2774913,True,True,-6.1241784,3.8912404,-3.0394397,-3.509926,-10.015419,0.00096618093,True,0.0,0.1790646839690896
VIRT_0240090,CKKNRKM,1.8566513,-0.6937275,-7.827067,2.3563104,-5.465912,1.575353,3.3985908,1.1198535,-3.4019608,1.448321,-3.2079613,1.6569729,1.6313622,2,2,0.1428571428571428,4,1,0,False,2.6325479,6.140859,0.61216384,3.9369993,3.3306425,True,True,-6.646489,3.3985908,-3.3049612,-3.5194345,-10.04508,0.0009465195,True,0.0,0.1824143345340352
VIRT_0277037,GRSKRRE,2.9456306,0.39525175,-7.313031,2.1646764,-5.2051435,1.3111744,3.866356,0.6713014,-3.5546527,1.3722312,-2.8065662,1.5010732,1.4040914,2,2,0.0,3,0,0,False,1.0201349,3.836636,0.634173,2.0122137,1.8757894,True,True,-6.2590876,3.866356,-3.1806095,-3.5336921,-10.125443,0.00089523656,True,0.0,0.1769711523659986
VIRT_0622563,EQKKRKG,2.9605546,0.4101758,-7.3616614,2.2811654,-5.1006203,1.443186,4.063074,0.69923604,-3.5967064,1.4365976,-3.1759577,1.5513648,1.4823099,2,2,0.0,3,0,0,False,1.9954948,5.4570646,-0.32376438,3.0970778,2.5564682,True,True,-6.231141,4.063074,-3.386332,-3.548823,-10.294215,0.00079640216,True,0.0,0.1758320248760814
VIRT_0372393,KNRGEKR,2.3633466,-0.18703222,-7.3923736,2.2331672,-5.1051793,1.3233731,3.933988,0.5164605,-3.509037,1.4034437,-2.8244376,1.6089513,1.4170792,2,1,0.0,3,0,0,False,1.2125587,3.9521127,0.45739758,1.3654537,1.7468807,True,True,-6.2487764,3.933988,-3.1667373,-3.5554976,-10.182764,0.0008603647,True,0.0,0.1740586804593454
VIRT_0451949,ERRHKKT,2.088201,-0.46217775,-7.4888673,2.1322753,-5.193555,1.2499384,3.8187778,0.45278066,-3.492194,1.3580867,-2.7384973,1.5425432,1.3471248,2,2,0.0,3,0,0,False,1.1206269,4.5445976,0.9651422,2.0621595,2.1731315,True,True,-6.3412113,3.8187778,-3.1153455,-3.5670478,-10.159989,0.0008740544,True,0.0,0.1727964040515994
VIRT_0176496,RRTKRQD,2.7453647,0.19498587,-7.319008,2.0937054,-5.1278954,1.2010713,4.0504293,0.60854304,-3.5439568,1.3020321,-2.7539067,1.5062616,1.3423227,2,2,0.0,3,0,0,False,0.5728345,3.377171,0.89833724,2.1342192,1.7456405,True,True,-6.2234516,4.0504293,-3.1489317,-3.588417,-10.273881,0.0008077067,True,0.0,0.1704750469505249
VIRT_0764407,KHNKRRE,2.7992764,0.24889755,-7.58087,2.2866492,-5.357588,1.4273717,3.9234898,0.7970033,-3.6039033,1.4009954,-2.7822342,1.5076568,1.4839354,2,2,0.0,3,0,0,False,0.7659898,3.877615,0.5617661,1.8466916,1.7630156,True,True,-6.4692287,3.9234898,-3.1930687,-3.6457605,-10.392718,0.0007438409,True,0.0,0.1668052091992241
VIRT_0628012,CKRKTKH,2.066875,-0.48350382,-8.02357,2.4112241,-5.591018,1.6260426,3.577732,0.9765589,-3.5071564,1.5257249,-3.1517506,1.8310324,1.6741165,2,1,0.0,4,1,0,False,2.5240974,6.1353374,0.5572648,3.6365242,3.213306,True,True,-6.807294,3.577732,-3.3294535,-3.6495976,-10.385026,0.00074781757,True,0.0,0.1674640559096086
VIRT_0851948,DGRSRKR,1.8829894,-0.6673894,-8.047851,2.220567,-5.5958424,1.2946523,3.9890049,0.7231556,-3.723584,1.3486135,-3.035865,1.6514177,1.4476812,2,1,0.0,3,0,0,False,1.1824081,3.9678683,1.1424408,1.5041983,1.9492288,True,True,-6.8218465,3.9890049,-3.3797245,-3.7900376,-10.810851,0.00055668503,True,0.0,0.1586589082848434
VIRT_0998857,DNRHRKK,1.9304485,-0.61993027,-8.093021,2.5102983,-5.548934,1.4793445,4.052747,0.7330922,-3.7391167,1.5512338,-3.066408,1.8647641,1.6277466,2,2,0.0,3,0,0,False,1.128653,4.1833653,0.80999935,1.3501832,1.8680503,True,True,-6.8209777,4.052747,-3.4027624,-3.8073487,-10.873724,0.0005329456,True,0.0,0.1573658446476401
VIRT_0212316,DAKHKKR,2.2152376,-0.33514118,-8.016295,2.3640702,-5.385923,1.3999075,4.2161613,0.7269487,-3.6865125,1.4574625,-3.1413653,1.7746296,1.5446037,2,2,0.1428571428571428,3,0,0,False,2.2806935,5.2620664,-0.1023989,2.3614817,2.4504607,True,True,-6.701109,4.2161613,-3.413939,-3.8083673,-10.917271,0.00051709946,True,0.0,0.1577476062929096
VIRT_0843468,RENGKRK,2.3335772,-0.21680164,-8.179373,2.6252272,-5.524289,1.5421286,4.3027735,0.85699457,-3.651259,1.5472423,-3.2390304,1.8469404,1.6837065,2,1,0.0,3,0,0,False,1.7383914,4.057924,0.27815795,1.4140897,1.8721408,True,True,-6.851831,4.3027735,-3.4451447,-3.9002655,-11.154604,0.0004386616,True,0.0,0.1500815861580616
VIRT_0698898,KKTKKKC,2.3083382,-0.24204063,-8.78351,2.8390987,-6.0904374,1.7118417,3.9346833,1.1202995,-3.893254,1.9347911,-3.5553944,2.1027992,1.941766,2,3,0.0,5,1,0,False,5.7255964,8.914242,1.1612663,4.9982214,5.1998315,True,True,-7.4369736,3.9346833,-3.7243242,-3.9789119,-11.371656,0.00037738995,True,0.0,0.1382900772759459
VIRT_0498511,EGRGKRR,2.0671797,-0.48319912,-8.70215,2.6075728,-6.015101,1.5935662,4.0633817,0.77848643,-4.0753508,1.5476533,-3.4137352,1.8547504,1.6764057,2,2,0.0,3,0,0,False,1.335032,4.142113,1.0593851,1.3982992,1.9837074,True,True,-7.3586254,4.0633817,-3.744543,-3.9846563,-11.422007,0.00036444617,True,0.0,0.1380622517779625
VIRT_0931477,EHKKRHK,1.9164972,-0.63388157,-8.725291,2.670188,-5.9148874,1.617103,4.215473,0.9410216,-4.05626,1.5887305,-3.386004,1.8918868,1.741786,2,2,0.0,3,0,0,False,1.4417925,5.46312,0.23690635,2.0197024,2.2903805,True,True,-7.3200893,4.215473,-3.721132,-4.0252295,-11.5355625,0.00033686016,True,0.0,0.1326436993934916
VIRT_0415063,EHKKNRR,1.8033113,-0.74706745,-8.453156,2.7629497,-5.811928,1.6761531,4.392818,0.8628497,-3.841282,1.5807511,-3.2951622,1.8975618,1.756053,2,2,0.0,3,0,0,False,1.7409439,5.144199,0.5213948,2.002841,2.3523445,True,True,-7.132542,4.392818,-3.568222,-4.033486,-11.52536,0.0003392508,True,0.0,0.1323789292201594
VIRT_0235808,KKKTKDK,3.406746,0.8563671,-8.3315525,2.539822,-5.535871,1.4841114,4.9532785,0.99257964,-3.9157193,1.6595283,-3.0672958,1.8132118,1.6978506,2,3,0.0,4,0,0,False,2.8637066,7.135019,-0.30924296,4.105743,3.4488063,True,True,-6.933712,4.9532785,-3.4915075,-4.1555166,-11.886991,0.00026403365,True,0.0,0.1093439241402666
VIRT_0867428,NTKKAKK,2.972702,0.42232323,-8.497654,2.7507212,-5.7328267,1.660507,5.0832567,1.0009637,-3.8730226,1.7539278,-3.1901667,1.9551101,1.8242458,2,2,0.1428571428571428,4,0,0,False,2.74126,6.3802342,-0.58423513,3.3792067,2.9791164,True,True,-7.11524,5.0832567,-3.5315948,-4.274679,-12.198497,0.00021275833,True,0.0,0.0806810135155937
VIRT_0315953,VNKKKKH,3.241346,0.6909671,-8.586506,2.847927,-5.926492,1.747706,5.023146,0.9363118,-4.0206413,1.9091192,-3.2219245,2.0921476,1.9066423,2,4,0.1428571428571428,4,0,0,False,2.0046186,6.043305,-0.54596215,3.1668468,2.667202,True,True,-7.2564993,5.023146,-3.621283,-4.299269,-12.279646,0.00020112138,True,0.0,0.0750284781872479
VIRT_0473246,KNDKRKK,2.8863492,0.3359704,-9.350632,3.2377415,-6.3049984,2.0105913,4.9087496,1.1834836,-4.33714,2.0152035,-3.636542,2.190067,2.1274173,2,2,0.0,4,0,0,False,2.6439424,6.209207,0.10240738,2.7796268,2.933796,True,True,-7.827815,4.9087496,-3.9868412,-4.443211,-12.736565,0.0001465251,True,0.0,0.0483174779101628
VIRT_0968457,LTNKKKK,2.7968388,0.24645996,-9.175438,3.0704274,-6.1764736,1.8479522,5.0783057,1.0313063,-4.2037487,1.9303877,-3.4234645,2.1372416,2.003463,2,4,0.1428571428571428,4,0,0,False,3.0136266,6.2775865,-0.2872583,3.2987137,3.0756671,True,True,-7.675956,5.0783057,-3.8136067,-4.4688654,-12.754261,0.00014473876,True,0.0,0.0425233213263138
VIRT_0673120,RRQHRKH,2.621921,0.07154226,-9.725738,3.4967542,-6.948079,2.1619043,4.6437244,0.9823935,-4.5090203,2.2058256,-3.1697252,2.500732,2.2695222,2,2,0.0,4,0,0,False,0.7209227,4.498306,1.5737187,2.3049188,2.2744665,True,True,-8.336908,4.6437244,-3.8393726,-4.6090374,-12.980633,0.00012372008,True,0.0,0.0275360980265385
VIRT_0411859,HAKPRRK,2.2935085,-0.25687027,-9.771752,3.4482543,-6.6296744,2.1420083,4.8985763,1.3396797,-4.2810607,2.0989778,-3.2400584,2.5714564,2.3200753,2,2,0.1428571428571428,4,0,1,False,2.322208,5.6722646,1.143645,3.1109824,3.062275,True,True,-8.200713,4.8985763,-3.7605596,-4.6527104,-13.099289,0.00011395178,True,0.0,0.0231643114436131
VIRT_0208185,CKKRKKL,2.4993353,-0.05104351,-10.219537,3.1492326,-7.07062,2.093699,4.6142397,1.292946,-4.472197,1.9953297,-4.036754,2.3006473,2.1663709,2,2,0.1428571428571428,5,1,0,False,4.031882,8.212112,0.9489555,5.4687295,4.6654196,True,True,-8.645079,4.6142397,-4.2544756,-4.654374,-13.259318,0.00010198762,True,0.0,0.0258612727440657
VIRT_0452073,HRKRHRG,3.2075148,0.65713596,-9.618685,3.109334,-6.9652357,1.9791362,4.8884025,1.0080137,-4.4296064,1.9806191,-3.1263175,2.1753023,2.0504813,2,1,0.0,4,0,0,False,1.594116,5.3334684,1.367325,3.5788603,2.9684424,True,True,-8.29196,4.8884025,-3.777962,-4.6867304,-13.180363,0.00010772474,True,0.0,0.0208552692343216
VIRT_0895149,RRSRKKD,3.5681534,1.0177746,-9.683672,3.1988623,-6.778787,1.9772094,5.2359548,0.90606904,-4.5679903,2.1421804,-3.578154,2.3019948,2.1052632,2,2,0.0,4,0,0,False,1.7691374,5.377342,1.4435885,3.3947635,2.9962077,True,True,-8.23123,5.2359548,-4.0730724,-4.722023,-13.467184,8.830263e-05,True,0.0,0.0192912779778947
VIRT_0449828,ERRKGKR,2.7693338,0.21895504,-9.815201,3.0043998,-6.7206383,1.8408939,5.3658566,0.98355454,-4.5074296,1.9244345,-3.6632562,2.315327,2.013722,2,2,0.0,4,0,0,False,2.5289707,6.4373326,1.3724136,3.3160024,3.4136796,True,True,-8.26792,5.3658566,-4.085343,-4.781545,-13.633776,7.867279e-05,True,0.0,0.0174625165481358
VIRT_0170099,ERRKKNK,2.793653,0.24327421,-9.9182415,2.9662943,-6.7340164,1.7745516,5.430627,1.0615299,-4.5442195,1.9043716,-3.7008235,2.2097192,1.9832933,2,2,0.0,4,0,0,False,2.4359732,6.5281076,1.020201,3.2091575,3.2983599,True,True,-8.326129,5.430627,-4.1225214,-4.822973,-13.756756,7.2244344e-05,True,0.0,0.0164773252055047
VIRT_0188620,DRSKKRK,2.7839394,0.23356056,-10.04838,3.107726,-6.8181953,1.8037269,5.400256,0.9979485,-4.6127305,1.9359483,-3.747221,2.3141918,2.0319085,2,2,0.0,4,0,0,False,2.9176073,6.454804,0.78500795,3.245308,3.3506818,True,True,-8.433288,5.400256,-4.1799755,-4.849074,-13.833544,6.8499656e-05,True,0.0,0.0160463039931036
VIRT_0534643,CKRKHKR,2.203269,-0.3471098,-10.90917,3.452434,-7.585143,2.276558,4.845261,1.4092764,-4.8115983,2.2402601,-4.1294622,2.6471777,2.4051414,2,1,0.0,5,1,0,False,4.0301523,8.228528,1.6343138,5.013125,4.7265296,True,True,-9.247156,4.845261,-4.4705305,-4.9629555,-14.092417,5.7247937e-05,True,0.0,0.0143837936024137
VIRT_0552668,EKRHKRK,2.7078142,0.15743542,-10.568506,3.6011753,-7.200354,2.1924608,5.330789,1.0877384,-4.8973804,2.1792006,-3.8782496,2.5844748,2.32901,2,1,0.0,4,0,0,False,2.6534142,7.051848,1.124964,3.3687139,3.549735,True,True,-8.88443,5.330789,-4.387815,-4.9862065,-14.2152195,5.2576605e-05,True,0.0,0.0140512915242757
VIRT_0159566,RRKERKK,3.5132647,0.96288586,-11.249025,4.0591083,-7.673561,2.5102377,6.2691927,1.6703511,-5.0628195,2.5914938,-3.9474907,2.8760161,2.7414412,2,2,0.0,5,0,0,False,3.232027,7.8053803,1.4579208,4.283055,4.194596,True,True,-9.461293,6.2691927,-4.505155,-5.5507684,-15.730486,1.8392971e-05,True,0.0,0.0048335950247837
VIRT_0581805,RSKGRKK,3.5779352,1.0275564,-11.379304,4.331645,-7.8284364,2.672513,6.5311384,1.7218434,-5.129818,2.7231345,-3.9576523,2.9352005,2.8768675,2,2,0.0,5,0,0,False,3.0320792,7.2990746,0.89828455,4.295173,3.881153,True,True,-9.60387,6.5311384,-4.543735,-5.698893,-16.13501,1.3895625e-05,True,0.0,0.0029678889196761
VIRT_0827622,RRAHKKR,3.1794844,0.62910557,-11.752472,4.5598717,-8.228334,2.8060327,6.1799755,1.3391198,-5.309602,2.8941221,-3.9116776,3.2471154,2.969252,2,2,0.1428571428571428,5,0,0,False,2.9240384,6.9563303,1.7477378,4.166292,3.9485998,True,True,-9.990403,6.1799755,-4.6106396,-5.7365446,-16.17038,1.3559094e-05,True,0.0,0.0027770080970413
VIRT_0309454,HKRRRRH,3.0813446,0.5309658,-11.841946,4.3261895,-8.413376,2.7903838,5.98503,1.3673928,-5.39962,2.6788774,-3.6427922,3.040678,2.8407044,2,4,0.0,5,0,0,False,1.8956118,6.6264043,2.5208225,4.024115,3.7667384,True,True,-10.127661,5.98503,-4.521206,-5.747967,-16.11269,1.4112275e-05,True,0.0,0.0025799698285151
VIRT_0848772,TNKKRRR,3.251584,0.70120525,-11.840016,4.3668494,-8.266199,2.7615514,6.352645,1.405782,-5.4805474,2.814366,-4.256324,3.074473,2.8846042,2,3,0.0,5,0,0,False,3.1973896,7.2751584,1.3407967,4.375851,4.047299,True,True,-10.053108,6.352645,-4.868436,-5.773637,-16.405754,1.1517969e-05,True,0.0,0.0022413103044857
VIRT_0814410,KRRNHKR,3.0365314,0.48615265,-11.829984,4.2161317,-8.394822,2.587312,6.107494,1.3722153,-5.329279,2.64203,-3.7966835,2.965958,2.7567296,2,2,0.0,5,0,0,False,2.595377,7.1471562,1.9978375,4.116944,3.9643283,True,True,-10.112403,6.107494,-4.562981,-5.7756076,-16.219896,1.310161e-05,True,0.0,0.0020996890489824
VIRT_0117236,HRIRRRK,1.941823,-0.6085558,-12.253189,4.36183,-8.529833,2.752946,5.8529043,1.577802,-5.511762,2.6653733,-3.7731693,3.1327438,2.8981392,2,3,0.1428571428571428,5,0,0,False,2.5505862,6.552445,2.7681334,3.8140502,3.9213037,True,True,-10.391511,5.8529043,-4.6424656,-5.796203,-16.244415,1.2880827e-05,True,0.0,0.0018903358886733
VIRT_0794672,TVKRKRR,3.0238047,0.47342587,-11.665143,4.250499,-8.117949,2.6945355,6.45327,1.5308936,-5.178277,2.7019281,-3.8750546,2.9699388,2.8295588,2,2,0.1428571428571428,5,0,0,False,3.7740183,7.5552926,1.4487228,4.7651005,4.3857837,True,True,-9.891546,6.45327,-4.5266657,-5.804507,-16.344816,1.2014897e-05,True,0.0,0.0018041316461931
VIRT_0704119,NHKRRKK,3.222187,0.67180824,-12.009382,4.567622,-8.255995,2.895025,6.346936,1.7498504,-5.445155,2.8162236,-4.312851,3.1479766,3.0353396,2,2,0.0,5,0,0,False,2.675201,7.1933436,1.2875977,3.958305,3.7786117,True,True,-10.1326885,6.346936,-4.879003,-5.805337,-16.479626,1.0943049e-05,True,0.0,0.0017425571872787
VIRT_0970175,FHRKRRK,2.6135464,0.06316757,-12.20727,4.4162283,-8.530699,2.7194076,6.324995,1.5923171,-5.453018,2.6492236,-3.7869155,3.0851321,2.8924618,2,2,0.1428571428571428,5,0,0,False,2.3320904,7.0414953,2.3332732,3.8624034,3.8923154,True,True,-10.368984,6.324995,-4.619967,-5.9557977,-16.69398,9.432168e-06,True,0.0,0.0008312551953449
VIRT_0002921,RRRKRTR,3.6344118,1.084033,-13.417364,4.642796,-9.463779,2.904441,7.19386,1.6559027,-6.10007,3.0825803,-4.197771,3.4458249,3.1463091,2,3,0.0,6,0,0,False,3.3161755,8.138994,3.1466904,5.5682273,5.042522,True,True,-11.440572,7.19386,-5.1489205,-6.636324,-18.634432,2.457407e-06,True,0.0,0.0006526892644931
VIRT_0853772,WRKRKKK,3.5711741,1.0207953,-13.851236,5.176892,-9.52383,3.2222757,7.209077,2.0803833,-6.2839003,3.3261526,-4.6267195,3.6561422,3.4923692,2,3,0.1428571428571428,6,0,0,False,3.6254902,9.0971775,2.105816,5.500767,5.0823126,True,True,-11.687533,7.209077,-5.45531,-6.691505,-18.89661,2.0490545e-06,True,0.0,0.0005110680089898
VIRT_0103261,RRHRKKR,3.8601847,1.3098059,-14.464487,5.5397177,-10.079238,3.523356,7.280075,1.8733445,-6.535094,3.5173972,-4.8426237,3.931232,3.6770096,2,2,0.0,6,0,0,False,3.6383471,8.49176,2.7897534,5.35676,5.069155,True,True,-12.271862,7.280075,-5.688859,-6.9325924,-19.551937,1.3010094e-06,True,0.0,4.925956713154857e-05
